transaction_id,sender_id,source_country,destination_country,amount_zar,exchange_rate,status,timestamp
TXN-20260615-000000,USR-7997,South Africa,Mozambique,30924.22,0.1419,Pending,2026-06-01T07:42:10.530984
TXN-20260615-000001,USR-3052,South Africa,Zimbabwe,29500.17,0.0572,Pending,2026-06-08T16:50:06.530984
TXN-20260615-000002,USR-3255,South Africa,Zimbabwe,4583.15,0.1416,Failed,2026-06-03T17:40:22.530984
TXN-20260615-000003,USR-1467,South Africa,Mozambique,45834.16,0.1045,Pending,2026-06-04T03:40:16.530984
TXN-20260615-000004,USR-8287,South Africa,Namibia,5937.88,0.0571,Failed,2026-06-08T09:41:09.530984
TXN-20260615-000005,USR-8171,South Africa,Botswana,11444.84,0.148,Success,2026-05-22T20:18:02.530984
TXN-20260615-000006,USR-8874,South Africa,Zimbabwe,6556.58,0.1311,Failed,2026-05-18T19:39:53.530984
TXN-20260615-000007,USR-1598,South Africa,Mozambique,16904.74,0.0575,Pending,2026-06-02T09:23:18.530984
TXN-20260615-000008,USR-2846,South Africa,Malawi,26179.07,0.0967,Failed,2026-05-18T15:34:42.530984
TXN-20260615-000009,USR-1010,South Africa,Namibia,7749.38,0.0627,Failed,2026-06-06T11:49:48.530984
TXN-20260615-000010,USR-7190,South Africa,Mozambique,40731.02,0.0793,Failed,2026-05-23T07:55:38.530984
TXN-20260615-000011,USR-3043,South Africa,Namibia,438.59,0.102,Failed,2026-06-10T14:50:22.530984
TXN-20260615-000012,USR-1467,South Africa,Mozambique,19406.22,0.0776,Success,2026-05-19T20:14:55.530984
TXN-20260615-000013,USR-4787,South Africa,Namibia,34802.29,0.133,Pending,2026-05-28T19:58:36.530984
TXN-20260615-000014,USR-3903,South Africa,Malawi,34450.05,0.0997,Success,2026-05-30T09:18:47.530984
TXN-20260615-000015,USR-9485,South Africa,Mozambique,20570.96,0.1353,Pending,2026-05-23T14:35:40.530984
TXN-20260615-000016,USR-6084,South Africa,Zimbabwe,8602.33,0.0657,Failed,2026-05-19T00:49:08.530984
TXN-20260615-000017,USR-5032,South Africa,Namibia,18832.15,0.0976,Pending,2026-05-18T12:44:06.530984
TXN-20260615-000018,USR-3114,South Africa,Malawi,26363.5,0.1374,Success,2026-06-02T13:35:01.530984
TXN-20260615-000019,USR-6774,South Africa,Mozambique,3670.24,0.1035,Failed,2026-05-27T05:53:15.530984
TXN-20260615-000020,USR-9437,South Africa,Namibia,49123.68,0.0766,Pending,2026-05-24T00:16:30.530984
TXN-20260615-000021,USR-6128,South Africa,Mozambique,12919.19,0.1338,Pending,2026-05-29T15:20:24.530984
TXN-20260615-000022,USR-1388,South Africa,Namibia,28592.3,0.1439,Pending,2026-05-17T00:18:36.530984
TXN-20260615-000023,USR-4077,South Africa,Botswana,40875.63,0.0507,Success,2026-05-20T17:26:05.530984
TXN-20260615-000024,USR-7294,South Africa,Mozambique,34461.84,0.1085,Pending,2026-05-18T01:01:57.530984
TXN-20260615-000025,USR-5741,South Africa,Zimbabwe,13952.03,0.1472,Failed,2026-05-20T00:50:06.530984
TXN-20260615-000026,USR-5233,South Africa,Mozambique,26452.42,0.1422,Pending,2026-06-02T12:17:35.530984
TXN-20260615-000027,USR-9210,South Africa,Zimbabwe,48414.99,0.0788,Success,2026-05-27T02:29:33.530984
TXN-20260615-000028,USR-5469,South Africa,Mozambique,34063.4,0.0971,Success,2026-05-25T00:33:05.530984
TXN-20260615-000029,USR-5067,South Africa,Namibia,21291.83,0.1447,Pending,2026-06-11T03:48:35.530984
TXN-20260615-000030,USR-7389,South Africa,Mozambique,35283.23,0.1412,Failed,2026-06-15T05:25:37.530984
TXN-20260615-000031,USR-8841,South Africa,Namibia,1933.61,0.0615,Failed,2026-06-09T17:34:17.530984
TXN-20260615-000032,USR-8028,South Africa,Botswana,17457.71,0.1048,Pending,2026-05-30T08:09:31.530984
TXN-20260615-000033,USR-6805,South Africa,Malawi,33810.98,0.1498,Failed,2026-06-11T10:10:08.530984
TXN-20260615-000034,USR-3449,South Africa,Namibia,8580.67,0.1168,Success,2026-05-25T06:49:26.530984
TXN-20260615-000035,USR-8901,South Africa,Namibia,44444.91,0.146,Pending,2026-06-05T02:14:54.530984
TXN-20260615-000036,USR-7568,South Africa,Botswana,23950.64,0.1187,Pending,2026-05-22T08:35:16.530984
TXN-20260615-000037,USR-4077,South Africa,Namibia,45064.0,0.1231,Failed,2026-05-24T07:00:14.530984
TXN-20260615-000038,USR-1877,South Africa,Malawi,48432.29,0.1319,Pending,2026-06-12T08:22:44.530984
TXN-20260615-000039,USR-5602,South Africa,Zimbabwe,12042.73,0.0948,Failed,2026-05-21T16:08:46.530984
TXN-20260615-000040,USR-1270,South Africa,Mozambique,7494.58,0.0619,Pending,2026-05-19T15:35:43.530984
TXN-20260615-000041,USR-2970,South Africa,Zimbabwe,29602.43,0.1495,Pending,2026-06-15T04:08:24.530984
TXN-20260615-000042,USR-8700,South Africa,Mozambique,31985.77,0.0502,Failed,2026-05-19T00:22:04.530984
TXN-20260615-000043,USR-4316,South Africa,Mozambique,28113.91,0.1124,Success,2026-06-15T02:38:24.530984
TXN-20260615-000044,USR-8963,South Africa,Mozambique,45645.18,0.0716,Success,2026-05-21T07:29:17.530984
TXN-20260615-000045,USR-6302,South Africa,Mozambique,23965.95,0.0779,Pending,2026-06-11T22:43:36.530984
TXN-20260615-000046,USR-4581,South Africa,Botswana,49164.66,0.0997,Failed,2026-05-20T15:49:39.530984
TXN-20260615-000047,USR-2533,South Africa,Namibia,40068.45,0.0601,Pending,2026-05-16T18:37:20.530984
TXN-20260615-000048,USR-5941,South Africa,Botswana,18545.07,0.0524,Pending,2026-06-10T11:19:08.530984
TXN-20260615-000049,USR-2252,South Africa,Namibia,6579.55,0.1076,Failed,2026-05-18T18:57:38.530984
TXN-20260615-000050,USR-7970,South Africa,Malawi,47611.55,0.1474,Pending,2026-06-12T13:20:11.530984
TXN-20260615-000051,USR-6300,South Africa,Zimbabwe,12571.84,0.1437,Pending,2026-05-26T07:18:14.530984
TXN-20260615-000052,USR-5557,South Africa,Botswana,33416.31,0.1106,Failed,2026-06-06T08:01:51.530984
TXN-20260615-000053,USR-6068,South Africa,Mozambique,34462.78,0.0691,Failed,2026-05-30T10:47:45.530984
TXN-20260615-000054,USR-9930,South Africa,Zimbabwe,44208.5,0.1254,Failed,2026-06-07T07:49:43.530984
TXN-20260615-000055,USR-4790,South Africa,Mozambique,4233.46,0.0622,Failed,2026-06-07T02:03:24.530984
TXN-20260615-000056,USR-7449,South Africa,Mozambique,26888.09,0.1142,Success,2026-05-20T05:51:14.530984
TXN-20260615-000057,USR-4842,South Africa,Botswana,1190.5,0.076,Success,2026-06-12T06:23:32.530984
TXN-20260615-000058,USR-1346,South Africa,Botswana,42671.53,0.118,Pending,2026-05-19T10:10:29.530984
TXN-20260615-000059,USR-2003,South Africa,Mozambique,17128.62,0.1134,Success,2026-05-20T08:59:45.530984
TXN-20260615-000060,USR-1258,South Africa,Mozambique,45959.62,0.1487,Failed,2026-05-19T00:08:29.530984
TXN-20260615-000061,USR-5214,South Africa,Zimbabwe,24222.86,0.0508,Success,2026-05-20T13:30:47.530984
TXN-20260615-000062,USR-6381,South Africa,Botswana,28997.15,0.1406,Failed,2026-06-08T04:33:34.530984
TXN-20260615-000063,USR-3365,South Africa,Namibia,25981.89,0.0592,Pending,2026-05-27T22:39:45.530984
TXN-20260615-000064,USR-6628,South Africa,Malawi,43476.55,0.1272,Pending,2026-05-16T19:41:45.530984
TXN-20260615-000065,USR-7641,South Africa,Mozambique,9531.02,0.1449,Success,2026-06-01T20:51:13.530984
TXN-20260615-000066,USR-6164,South Africa,Namibia,39521.71,0.1494,Failed,2026-06-03T21:05:55.530984
TXN-20260615-000067,USR-5675,South Africa,Botswana,13461.32,0.0889,Success,2026-06-07T19:14:49.530984
TXN-20260615-000068,USR-4883,South Africa,Malawi,43661.9,0.1343,Success,2026-06-03T04:17:26.530984
TXN-20260615-000069,USR-7364,South Africa,Mozambique,29260.0,0.1143,Failed,2026-05-24T13:15:04.530984
TXN-20260615-000070,USR-9577,South Africa,Namibia,39469.75,0.083,Pending,2026-06-03T11:51:11.530984
TXN-20260615-000071,USR-7406,South Africa,Zimbabwe,4217.47,0.1496,Pending,2026-06-02T03:36:18.530984
TXN-20260615-000072,USR-5319,South Africa,Botswana,34062.72,0.1113,Pending,2026-05-29T19:44:47.530984
TXN-20260615-000073,USR-9810,South Africa,Malawi,17352.66,0.1206,Pending,2026-06-05T03:38:52.530984
TXN-20260615-000074,USR-5262,South Africa,Malawi,8339.11,0.0919,Pending,2026-05-19T08:06:16.530984
TXN-20260615-000075,USR-5206,South Africa,Zimbabwe,45956.04,0.0911,Pending,2026-05-19T06:32:07.530984
TXN-20260615-000076,USR-7487,South Africa,Zimbabwe,19855.43,0.13,Failed,2026-06-08T23:58:57.530984
TXN-20260615-000077,USR-4439,South Africa,Malawi,22525.71,0.0897,Success,2026-06-06T10:46:22.530984
TXN-20260615-000078,USR-3082,South Africa,Namibia,46387.71,0.1008,Failed,2026-05-25T20:56:19.530984
TXN-20260615-000079,USR-5423,South Africa,Namibia,24929.0,0.135,Pending,2026-06-14T16:59:23.530984
TXN-20260615-000080,USR-7282,South Africa,Mozambique,8368.89,0.0599,Pending,2026-06-06T15:28:57.530984
TXN-20260615-000081,USR-6749,South Africa,Botswana,4814.57,0.1402,Failed,2026-06-14T23:07:08.530984
TXN-20260615-000082,USR-1485,South Africa,Botswana,11485.11,0.135,Failed,2026-06-03T10:35:45.530984
TXN-20260615-000083,USR-1696,South Africa,Namibia,27444.19,0.1419,Success,2026-05-29T10:01:05.530984
TXN-20260615-000084,USR-7124,South Africa,Namibia,15647.67,0.0639,Success,2026-05-22T07:46:07.530984
TXN-20260615-000085,USR-7377,South Africa,Namibia,24619.7,0.1308,Pending,2026-06-12T01:54:31.530984
TXN-20260615-000086,USR-6895,South Africa,Malawi,17702.85,0.1115,Failed,2026-05-19T14:01:26.530984
TXN-20260615-000087,USR-4163,South Africa,Zimbabwe,9393.77,0.1023,Pending,2026-05-17T01:04:52.530984
TXN-20260615-000088,USR-5536,South Africa,Mozambique,45453.47,0.1187,Failed,2026-05-22T19:43:21.530984
TXN-20260615-000089,USR-4065,South Africa,Botswana,42150.96,0.0607,Success,2026-06-09T20:21:47.530984
TXN-20260615-000090,USR-6565,South Africa,Zimbabwe,2814.74,0.1357,Pending,2026-06-04T16:47:23.530984
TXN-20260615-000091,USR-6683,South Africa,Malawi,5477.36,0.149,Failed,2026-06-13T05:50:29.530984
TXN-20260615-000092,USR-1366,South Africa,Mozambique,14138.2,0.1149,Pending,2026-05-25T22:06:43.530984
TXN-20260615-000093,USR-8656,South Africa,Malawi,39087.63,0.1287,Pending,2026-06-04T21:11:20.530984
TXN-20260615-000094,USR-5635,South Africa,Zimbabwe,22836.47,0.0638,Failed,2026-05-25T17:42:46.530984
TXN-20260615-000095,USR-4744,South Africa,Zimbabwe,41277.73,0.1228,Success,2026-06-15T00:16:51.530984
TXN-20260615-000096,USR-4997,South Africa,Botswana,20629.3,0.0737,Success,2026-05-30T17:46:27.530984
TXN-20260615-000097,USR-1206,South Africa,Zimbabwe,1304.52,0.0946,Pending,2026-05-29T07:00:21.530984
TXN-20260615-000098,USR-9509,South Africa,Botswana,8477.49,0.0513,Pending,2026-06-08T09:37:20.530984
TXN-20260615-000099,USR-1531,South Africa,Mozambique,29289.23,0.0885,Pending,2026-05-26T01:55:16.530984
TXN-20260615-000100,USR-3908,South Africa,Malawi,3307.38,0.1222,Failed,2026-05-31T12:22:24.530984
TXN-20260615-000101,USR-6103,South Africa,Botswana,8890.17,0.1436,Pending,2026-06-02T05:42:45.530984
TXN-20260615-000102,USR-4244,South Africa,Namibia,23527.7,0.0615,Pending,2026-06-14T23:54:57.530984
TXN-20260615-000103,USR-1997,South Africa,Namibia,46716.18,0.1358,Success,2026-06-10T05:13:50.530984
TXN-20260615-000104,USR-8792,South Africa,Namibia,9612.19,0.0574,Success,2026-05-25T22:03:39.530984
TXN-20260615-000105,USR-7370,South Africa,Malawi,18141.65,0.0573,Failed,2026-06-04T04:21:18.530984
TXN-20260615-000106,USR-5520,South Africa,Namibia,41874.15,0.1461,Pending,2026-05-20T08:51:31.530984
TXN-20260615-000107,USR-2544,South Africa,Mozambique,32255.29,0.1448,Success,2026-05-28T01:38:52.530984
TXN-20260615-000108,USR-3320,South Africa,Malawi,42574.8,0.0816,Pending,2026-05-27T17:11:28.530984
TXN-20260615-000109,USR-4210,South Africa,Mozambique,31306.25,0.0784,Failed,2026-06-08T02:41:25.530984
TXN-20260615-000110,USR-5903,South Africa,Botswana,3128.69,0.0512,Pending,2026-06-04T22:07:19.530984
TXN-20260615-000111,USR-3353,South Africa,Botswana,18822.72,0.109,Pending,2026-05-24T18:45:04.530984
TXN-20260615-000112,USR-4487,South Africa,Mozambique,18587.04,0.1276,Failed,2026-05-20T15:59:18.530984
TXN-20260615-000113,USR-6198,South Africa,Zimbabwe,31214.91,0.1115,Success,2026-05-25T22:08:14.530984
TXN-20260615-000114,USR-1139,South Africa,Malawi,11068.73,0.1427,Failed,2026-05-17T04:42:54.530984
TXN-20260615-000115,USR-3484,South Africa,Namibia,2142.1,0.0958,Failed,2026-05-26T01:14:43.530984
TXN-20260615-000116,USR-1438,South Africa,Zimbabwe,30598.05,0.086,Failed,2026-06-12T12:47:47.530984
TXN-20260615-000117,USR-1954,South Africa,Botswana,30181.64,0.0756,Pending,2026-06-01T03:12:18.530984
TXN-20260615-000118,USR-9353,South Africa,Mozambique,15750.99,0.0626,Pending,2026-06-14T00:52:08.530984
TXN-20260615-000119,USR-3803,South Africa,Malawi,35394.07,0.1175,Success,2026-06-01T07:19:26.530984
TXN-20260615-000120,USR-2954,South Africa,Malawi,21029.86,0.0841,Failed,2026-06-11T17:45:45.530984
TXN-20260615-000121,USR-2776,South Africa,Zimbabwe,47449.09,0.0572,Success,2026-05-29T15:54:40.530984
TXN-20260615-000122,USR-6096,South Africa,Malawi,9692.63,0.1101,Success,2026-05-21T07:57:10.530984
TXN-20260615-000123,USR-1967,South Africa,Zimbabwe,24896.16,0.1272,Success,2026-06-03T14:21:09.530984
TXN-20260615-000124,USR-8125,South Africa,Zimbabwe,2644.02,0.1266,Success,2026-05-27T14:08:26.530984
TXN-20260615-000125,USR-3462,South Africa,Zimbabwe,7678.01,0.07,Failed,2026-06-15T05:35:48.530984
TXN-20260615-000126,USR-6950,South Africa,Malawi,34502.14,0.0653,Pending,2026-06-02T08:40:23.530984
TXN-20260615-000127,USR-1567,South Africa,Botswana,34100.1,0.0716,Pending,2026-06-03T21:18:13.530984
TXN-20260615-000128,USR-3161,South Africa,Mozambique,49750.18,0.0629,Failed,2026-06-15T04:59:53.530984
TXN-20260615-000129,USR-7530,South Africa,Malawi,5736.94,0.0949,Success,2026-05-18T03:41:37.530984
TXN-20260615-000130,USR-5435,South Africa,Zimbabwe,28229.84,0.0565,Success,2026-06-15T00:46:56.530984
TXN-20260615-000131,USR-8063,South Africa,Malawi,18645.74,0.1338,Failed,2026-06-07T13:38:30.530984
TXN-20260615-000132,USR-2106,South Africa,Botswana,7402.64,0.1365,Pending,2026-05-29T15:47:18.530984
TXN-20260615-000133,USR-7573,South Africa,Namibia,35718.84,0.1254,Failed,2026-06-01T10:37:33.530984
TXN-20260615-000134,USR-2855,South Africa,Botswana,22637.1,0.143,Success,2026-06-12T10:20:47.530984
TXN-20260615-000135,USR-1088,South Africa,Mozambique,7244.37,0.1192,Success,2026-06-12T08:01:13.530984
TXN-20260615-000136,USR-6497,South Africa,Zimbabwe,41826.09,0.0778,Failed,2026-05-18T04:21:17.530984
TXN-20260615-000137,USR-1329,South Africa,Zimbabwe,11520.12,0.078,Failed,2026-06-07T01:44:12.530984
TXN-20260615-000138,USR-8099,South Africa,Botswana,16820.11,0.0942,Failed,2026-06-08T03:49:26.530984
TXN-20260615-000139,USR-1629,South Africa,Zimbabwe,25363.55,0.1062,Success,2026-06-13T14:06:44.530984
TXN-20260615-000140,USR-1137,South Africa,Namibia,9146.26,0.093,Pending,2026-05-18T20:12:46.530984
TXN-20260615-000141,USR-5423,South Africa,Mozambique,2448.89,0.1035,Failed,2026-05-30T04:21:25.530984
TXN-20260615-000142,USR-2240,South Africa,Namibia,22387.42,0.0575,Success,2026-05-21T17:38:53.530984
TXN-20260615-000143,USR-1840,South Africa,Botswana,45651.7,0.0709,Success,2026-05-26T15:28:28.530984
TXN-20260615-000144,USR-9328,South Africa,Botswana,2701.89,0.1177,Pending,2026-06-02T18:59:02.530984
TXN-20260615-000145,USR-8088,South Africa,Zimbabwe,333.62,0.1047,Success,2026-06-13T16:01:47.530984
TXN-20260615-000146,USR-9579,South Africa,Malawi,43655.55,0.0996,Success,2026-05-20T21:36:13.530984
TXN-20260615-000147,USR-8236,South Africa,Zimbabwe,39662.59,0.111,Success,2026-06-07T00:28:54.530984
TXN-20260615-000148,USR-6184,South Africa,Malawi,47742.09,0.1262,Pending,2026-05-16T22:04:37.530984
TXN-20260615-000149,USR-9661,South Africa,Mozambique,25928.62,0.1412,Failed,2026-05-19T14:45:00.530984
TXN-20260615-000150,USR-4988,South Africa,Mozambique,16937.51,0.0762,Success,2026-05-24T21:26:58.530984
TXN-20260615-000151,USR-9879,South Africa,Namibia,10046.76,0.0937,Failed,2026-06-01T19:01:07.530984
TXN-20260615-000152,USR-4119,South Africa,Namibia,17855.65,0.098,Failed,2026-05-26T20:52:34.530984
TXN-20260615-000153,USR-7336,South Africa,Malawi,2211.11,0.1152,Pending,2026-06-09T09:08:22.530984
TXN-20260615-000154,USR-7223,South Africa,Mozambique,26098.15,0.1474,Failed,2026-06-05T00:00:00.530984
TXN-20260615-000155,USR-1733,South Africa,Namibia,38114.33,0.0672,Pending,2026-06-06T15:17:27.530984
TXN-20260615-000156,USR-3414,South Africa,Zimbabwe,30019.13,0.1233,Pending,2026-05-22T11:41:47.530984
TXN-20260615-000157,USR-3830,South Africa,Malawi,17735.34,0.1266,Pending,2026-05-24T15:08:07.530984
TXN-20260615-000158,USR-4157,South Africa,Zimbabwe,40390.28,0.0895,Pending,2026-05-17T06:48:22.530984
TXN-20260615-000159,USR-6360,South Africa,Namibia,45655.05,0.1148,Failed,2026-05-27T09:38:50.530984
TXN-20260615-000160,USR-3738,South Africa,Malawi,14810.61,0.1044,Pending,2026-05-28T21:13:04.530984
TXN-20260615-000161,USR-3367,South Africa,Malawi,15448.49,0.1152,Pending,2026-06-02T06:41:07.530984
TXN-20260615-000162,USR-1057,South Africa,Malawi,16537.64,0.0951,Success,2026-05-31T15:05:42.530984
TXN-20260615-000163,USR-6785,South Africa,Botswana,18628.54,0.1463,Failed,2026-06-12T15:58:15.530984
TXN-20260615-000164,USR-3441,South Africa,Zimbabwe,28240.83,0.1458,Failed,2026-06-14T15:12:32.530984
TXN-20260615-000165,USR-1910,South Africa,Namibia,24556.2,0.0637,Pending,2026-05-22T21:29:50.530984
TXN-20260615-000166,USR-2276,South Africa,Zimbabwe,30443.3,0.0783,Success,2026-05-31T20:24:14.530984
TXN-20260615-000167,USR-4181,South Africa,Mozambique,46931.82,0.0724,Pending,2026-06-06T11:03:56.530984
TXN-20260615-000168,USR-6205,South Africa,Malawi,22571.47,0.0556,Success,2026-05-25T22:33:16.530984
TXN-20260615-000169,USR-2651,South Africa,Namibia,11939.59,0.1206,Success,2026-05-20T08:51:25.530984
TXN-20260615-000170,USR-6474,South Africa,Namibia,48091.94,0.1115,Success,2026-06-04T04:58:56.530984
TXN-20260615-000171,USR-7634,South Africa,Botswana,42749.99,0.1435,Pending,2026-05-20T00:48:36.530984
TXN-20260615-000172,USR-4014,South Africa,Botswana,26173.5,0.0549,Success,2026-06-04T16:07:27.530984
TXN-20260615-000173,USR-9544,South Africa,Namibia,13963.14,0.0647,Failed,2026-05-18T10:29:15.530984
TXN-20260615-000174,USR-7043,South Africa,Mozambique,17209.04,0.0639,Failed,2026-05-16T20:28:49.530984
TXN-20260615-000175,USR-7134,South Africa,Namibia,42779.2,0.0832,Failed,2026-06-07T02:37:50.530984
TXN-20260615-000176,USR-9780,South Africa,Mozambique,1495.53,0.1064,Success,2026-06-15T17:27:12.530984
TXN-20260615-000177,USR-1024,South Africa,Mozambique,41875.72,0.0674,Success,2026-05-26T00:53:20.530984
TXN-20260615-000178,USR-1097,South Africa,Malawi,40539.84,0.1192,Success,2026-05-29T02:33:02.530984
TXN-20260615-000179,USR-5249,South Africa,Mozambique,29415.89,0.0806,Success,2026-06-08T09:33:22.530984
TXN-20260615-000180,USR-2125,South Africa,Namibia,9757.23,0.0641,Pending,2026-06-09T06:09:29.530984
TXN-20260615-000181,USR-3661,South Africa,Malawi,8323.83,0.1426,Pending,2026-06-12T19:30:51.530984
TXN-20260615-000182,USR-6790,South Africa,Malawi,36902.56,0.0501,Pending,2026-05-24T13:19:06.530984
TXN-20260615-000183,USR-1661,South Africa,Malawi,24078.74,0.0669,Pending,2026-06-05T02:34:33.530984
TXN-20260615-000184,USR-9046,South Africa,Zimbabwe,17871.98,0.1345,Pending,2026-05-31T07:55:32.530984
TXN-20260615-000185,USR-7352,South Africa,Namibia,6332.73,0.1107,Pending,2026-05-29T13:35:58.530984
TXN-20260615-000186,USR-5526,South Africa,Malawi,10495.65,0.1377,Success,2026-06-05T16:29:51.530984
TXN-20260615-000187,USR-4634,South Africa,Mozambique,800.95,0.0537,Success,2026-05-28T06:16:47.530984
TXN-20260615-000188,USR-7745,South Africa,Zimbabwe,48973.51,0.0601,Failed,2026-06-02T22:45:51.530984
TXN-20260615-000189,USR-3202,South Africa,Malawi,4718.85,0.1296,Success,2026-06-08T14:36:32.530984
TXN-20260615-000190,USR-5786,South Africa,Zimbabwe,45677.17,0.0777,Failed,2026-05-18T17:32:16.530984
TXN-20260615-000191,USR-3035,South Africa,Mozambique,33006.58,0.0601,Failed,2026-05-22T22:40:57.530984
TXN-20260615-000192,USR-2800,South Africa,Botswana,39856.41,0.0971,Pending,2026-06-07T03:25:25.530984
TXN-20260615-000193,USR-8998,South Africa,Mozambique,2530.0,0.0876,Success,2026-05-31T07:49:40.530984
TXN-20260615-000194,USR-8915,South Africa,Botswana,7220.55,0.0832,Pending,2026-06-10T00:28:58.530984
TXN-20260615-000195,USR-6071,South Africa,Botswana,8685.05,0.1212,Success,2026-05-31T15:22:40.530984
TXN-20260615-000196,USR-1004,South Africa,Mozambique,40956.54,0.1217,Pending,2026-05-29T19:48:49.530984
TXN-20260615-000197,USR-4796,South Africa,Mozambique,18097.44,0.1482,Pending,2026-05-31T06:14:14.530984
TXN-20260615-000198,USR-6652,South Africa,Namibia,18933.07,0.1375,Success,2026-05-29T10:55:02.530984
TXN-20260615-000199,USR-6998,South Africa,Zimbabwe,34836.06,0.0881,Pending,2026-06-10T07:30:25.530984
TXN-20260615-000200,USR-4439,South Africa,Mozambique,28496.04,0.1041,Failed,2026-05-24T15:02:12.530984
TXN-20260615-000201,USR-7912,South Africa,Botswana,34344.27,0.1399,Failed,2026-05-24T06:09:35.530984
TXN-20260615-000202,USR-9741,South Africa,Zimbabwe,17748.13,0.1293,Pending,2026-05-17T13:53:49.530984
TXN-20260615-000203,USR-4615,South Africa,Botswana,13048.57,0.078,Success,2026-05-30T21:03:46.530984
TXN-20260615-000204,USR-5042,South Africa,Mozambique,43924.78,0.0821,Failed,2026-06-12T10:59:02.530984
TXN-20260615-000205,USR-8833,South Africa,Zimbabwe,6876.21,0.0833,Failed,2026-06-11T04:05:20.530984
TXN-20260615-000206,USR-1194,South Africa,Zimbabwe,39315.75,0.1117,Pending,2026-06-15T02:24:47.530984
TXN-20260615-000207,USR-3994,South Africa,Malawi,27231.27,0.0969,Failed,2026-05-18T06:16:35.530984
TXN-20260615-000208,USR-1558,South Africa,Mozambique,29475.33,0.0899,Pending,2026-05-28T13:33:54.530984
TXN-20260615-000209,USR-3125,South Africa,Namibia,42832.33,0.1367,Success,2026-06-11T12:59:15.530984
TXN-20260615-000210,USR-1510,South Africa,Mozambique,21874.84,0.1374,Failed,2026-06-02T10:21:34.530984
TXN-20260615-000211,USR-2423,South Africa,Mozambique,19854.6,0.1235,Pending,2026-06-07T03:41:21.530984
TXN-20260615-000212,USR-7513,South Africa,Malawi,7862.17,0.1151,Pending,2026-05-19T06:35:27.530984
TXN-20260615-000213,USR-3485,South Africa,Zimbabwe,30281.58,0.1289,Pending,2026-05-23T14:50:14.530984
TXN-20260615-000214,USR-2910,South Africa,Botswana,13672.11,0.0967,Success,2026-05-19T15:06:19.530984
TXN-20260615-000215,USR-1703,South Africa,Mozambique,25162.8,0.0773,Failed,2026-06-07T14:16:33.530984
TXN-20260615-000216,USR-8574,South Africa,Mozambique,6575.67,0.0804,Success,2026-05-29T21:42:34.530984
TXN-20260615-000217,USR-8174,South Africa,Zimbabwe,10032.96,0.1452,Pending,2026-06-03T10:39:24.530984
TXN-20260615-000218,USR-5648,South Africa,Botswana,47687.08,0.0526,Failed,2026-06-07T17:34:48.530984
TXN-20260615-000219,USR-9163,South Africa,Zimbabwe,34510.71,0.057,Pending,2026-05-26T00:26:49.530984
TXN-20260615-000220,USR-6902,South Africa,Mozambique,40708.98,0.0637,Failed,2026-06-13T08:09:03.530984
TXN-20260615-000221,USR-5102,South Africa,Botswana,7110.12,0.092,Pending,2026-05-18T14:09:52.530984
TXN-20260615-000222,USR-8947,South Africa,Zimbabwe,44854.93,0.06,Pending,2026-06-05T08:19:23.530984
TXN-20260615-000223,USR-6437,South Africa,Botswana,34566.18,0.1321,Success,2026-05-17T08:31:07.530984
TXN-20260615-000224,USR-4398,South Africa,Malawi,48794.78,0.1068,Failed,2026-05-27T22:31:30.530984
TXN-20260615-000225,USR-5321,South Africa,Zimbabwe,36350.7,0.0815,Failed,2026-05-18T16:22:32.530984
TXN-20260615-000226,USR-1760,South Africa,Mozambique,48082.31,0.1354,Pending,2026-06-08T00:13:01.530984
TXN-20260615-000227,USR-8974,South Africa,Botswana,47755.81,0.126,Success,2026-05-17T17:23:35.530984
TXN-20260615-000228,USR-8967,South Africa,Zimbabwe,9789.82,0.1255,Pending,2026-05-23T08:38:20.530984
TXN-20260615-000229,USR-1277,South Africa,Zimbabwe,25065.34,0.1302,Pending,2026-06-02T04:06:14.530984
TXN-20260615-000230,USR-8719,South Africa,Malawi,45793.57,0.1055,Failed,2026-05-26T21:03:54.530984
TXN-20260615-000231,USR-4157,South Africa,Zimbabwe,35065.37,0.094,Success,2026-06-14T11:01:31.530984
TXN-20260615-000232,USR-1997,South Africa,Botswana,5385.76,0.0906,Pending,2026-06-01T02:13:34.530984
TXN-20260615-000233,USR-7553,South Africa,Mozambique,45954.43,0.1082,Failed,2026-06-03T12:06:30.530984
TXN-20260615-000234,USR-8569,South Africa,Mozambique,14587.94,0.1499,Failed,2026-05-31T19:19:33.530984
TXN-20260615-000235,USR-3935,South Africa,Mozambique,32997.6,0.0535,Success,2026-05-20T16:37:43.530984
TXN-20260615-000236,USR-1894,South Africa,Malawi,19176.18,0.1268,Pending,2026-05-26T09:32:45.530984
TXN-20260615-000237,USR-8096,South Africa,Malawi,47975.98,0.0646,Success,2026-06-09T00:12:11.530984
TXN-20260615-000238,USR-4280,South Africa,Botswana,43477.81,0.0829,Pending,2026-05-26T00:23:07.530984
TXN-20260615-000239,USR-9329,South Africa,Namibia,45624.08,0.0803,Pending,2026-05-21T06:37:49.530984
TXN-20260615-000240,USR-1213,South Africa,Zimbabwe,1146.96,0.0923,Pending,2026-05-20T03:28:11.530984
TXN-20260615-000241,USR-8094,South Africa,Malawi,11226.91,0.1352,Failed,2026-06-13T23:21:20.530984
TXN-20260615-000242,USR-2810,South Africa,Zimbabwe,7158.61,0.1083,Pending,2026-05-31T22:55:06.530984
TXN-20260615-000243,USR-6604,South Africa,Zimbabwe,8359.13,0.1036,Success,2026-06-09T23:20:30.530984
TXN-20260615-000244,USR-8331,South Africa,Mozambique,13259.95,0.0505,Failed,2026-06-06T16:37:08.530984
TXN-20260615-000245,USR-3344,South Africa,Zimbabwe,2572.71,0.0521,Failed,2026-06-12T05:08:35.530984
TXN-20260615-000246,USR-7940,South Africa,Mozambique,49522.94,0.0979,Pending,2026-05-26T14:12:39.530984
TXN-20260615-000247,USR-5565,South Africa,Malawi,25110.26,0.1397,Pending,2026-06-09T06:53:26.530984
TXN-20260615-000248,USR-2384,South Africa,Mozambique,14509.28,0.0918,Success,2026-05-23T03:10:25.530984
TXN-20260615-000249,USR-7366,South Africa,Botswana,24350.58,0.1306,Pending,2026-05-31T01:46:25.530984
TXN-20260615-000250,USR-2697,South Africa,Botswana,25158.38,0.0561,Failed,2026-06-10T07:08:33.530984
TXN-20260615-000251,USR-6832,South Africa,Malawi,38370.65,0.0913,Failed,2026-05-27T06:53:35.530984
TXN-20260615-000252,USR-1056,South Africa,Namibia,48009.22,0.1251,Pending,2026-05-29T11:57:34.530984
TXN-20260615-000253,USR-3122,South Africa,Namibia,14390.06,0.0514,Success,2026-05-21T05:57:28.530984
TXN-20260615-000254,USR-4272,South Africa,Zimbabwe,34005.28,0.1068,Pending,2026-06-09T06:34:57.530984
TXN-20260615-000255,USR-3722,South Africa,Zimbabwe,9465.25,0.1433,Success,2026-06-10T15:07:29.530984
TXN-20260615-000256,USR-2171,South Africa,Botswana,22351.95,0.1369,Failed,2026-05-29T13:06:43.530984
TXN-20260615-000257,USR-1129,South Africa,Zimbabwe,16819.91,0.1188,Success,2026-06-10T18:15:13.530984
TXN-20260615-000258,USR-9071,South Africa,Botswana,34775.75,0.0834,Success,2026-05-19T13:34:55.530984
TXN-20260615-000259,USR-5944,South Africa,Malawi,45771.35,0.0576,Success,2026-06-14T18:49:00.530984
TXN-20260615-000260,USR-4513,South Africa,Malawi,33844.62,0.0864,Success,2026-05-27T14:50:26.530984
TXN-20260615-000261,USR-2491,South Africa,Namibia,12073.5,0.077,Failed,2026-06-01T07:58:32.530984
TXN-20260615-000262,USR-2297,South Africa,Mozambique,30552.01,0.1272,Pending,2026-05-28T07:32:25.530984
TXN-20260615-000263,USR-9997,South Africa,Zimbabwe,46190.01,0.0682,Success,2026-05-21T22:37:24.530984
TXN-20260615-000264,USR-5586,South Africa,Malawi,17395.79,0.1384,Success,2026-05-26T05:15:27.530984
TXN-20260615-000265,USR-1596,South Africa,Malawi,32141.6,0.0796,Pending,2026-05-30T19:49:35.530984
TXN-20260615-000266,USR-5868,South Africa,Botswana,4430.06,0.1378,Success,2026-05-27T16:31:19.530984
TXN-20260615-000267,USR-7037,South Africa,Namibia,13897.12,0.0534,Success,2026-05-28T22:33:41.530984
TXN-20260615-000268,USR-1789,South Africa,Malawi,25559.62,0.1435,Success,2026-06-12T16:32:32.530984
TXN-20260615-000269,USR-1645,South Africa,Namibia,7620.95,0.0731,Failed,2026-06-07T16:21:37.530984
TXN-20260615-000270,USR-4604,South Africa,Malawi,4378.73,0.1389,Success,2026-05-26T10:32:53.530984
TXN-20260615-000271,USR-1484,South Africa,Namibia,21582.58,0.0763,Failed,2026-05-29T12:51:03.530984
TXN-20260615-000272,USR-1496,South Africa,Botswana,46181.85,0.1147,Failed,2026-06-08T02:34:46.530984
TXN-20260615-000273,USR-4507,South Africa,Botswana,17807.88,0.0914,Pending,2026-05-20T06:58:08.530984
TXN-20260615-000274,USR-2128,South Africa,Zimbabwe,35047.39,0.1382,Failed,2026-05-22T18:17:11.530984
TXN-20260615-000275,USR-1960,South Africa,Zimbabwe,28159.69,0.0535,Failed,2026-05-26T08:05:58.530984
TXN-20260615-000276,USR-3526,South Africa,Namibia,117.67,0.1127,Pending,2026-06-10T15:59:57.530984
TXN-20260615-000277,USR-2944,South Africa,Namibia,33875.09,0.0709,Success,2026-06-08T05:08:21.530984
TXN-20260615-000278,USR-8456,South Africa,Botswana,22332.03,0.0564,Pending,2026-05-23T14:28:33.530984
TXN-20260615-000279,USR-7260,South Africa,Botswana,33696.54,0.1229,Pending,2026-06-02T22:45:45.530984
TXN-20260615-000280,USR-9569,South Africa,Malawi,5496.42,0.1123,Failed,2026-05-21T09:04:04.530984
TXN-20260615-000281,USR-3600,South Africa,Zimbabwe,47025.08,0.0622,Failed,2026-05-21T01:40:57.530984
TXN-20260615-000282,USR-6781,South Africa,Zimbabwe,13275.95,0.0965,Success,2026-06-08T04:06:35.530984
TXN-20260615-000283,USR-6368,South Africa,Zimbabwe,40443.31,0.107,Pending,2026-05-30T09:29:13.530984
TXN-20260615-000284,USR-8901,South Africa,Botswana,41273.12,0.0934,Failed,2026-06-14T18:05:25.530984
TXN-20260615-000285,USR-6543,South Africa,Malawi,26558.72,0.0715,Pending,2026-05-25T08:42:01.530984
TXN-20260615-000286,USR-3556,South Africa,Mozambique,11313.35,0.1311,Success,2026-05-22T18:58:27.530984
TXN-20260615-000287,USR-5854,South Africa,Namibia,38108.45,0.1376,Failed,2026-05-23T17:33:10.530984
TXN-20260615-000288,USR-4898,South Africa,Mozambique,38433.25,0.1391,Failed,2026-06-10T15:47:02.530984
TXN-20260615-000289,USR-8936,South Africa,Botswana,31645.49,0.0713,Failed,2026-06-08T21:40:14.530984
TXN-20260615-000290,USR-7712,South Africa,Malawi,28251.69,0.1303,Pending,2026-06-08T10:07:16.530984
TXN-20260615-000291,USR-5021,South Africa,Mozambique,41045.21,0.1097,Failed,2026-05-26T00:44:29.530984
TXN-20260615-000292,USR-6971,South Africa,Zimbabwe,34481.46,0.1018,Pending,2026-05-31T16:53:46.530984
TXN-20260615-000293,USR-8733,South Africa,Namibia,12606.46,0.1339,Success,2026-06-04T14:05:28.530984
TXN-20260615-000294,USR-7851,South Africa,Zimbabwe,14271.11,0.1045,Success,2026-06-04T18:09:02.530984
TXN-20260615-000295,USR-5076,South Africa,Mozambique,49007.29,0.1275,Failed,2026-05-21T16:28:42.530984
TXN-20260615-000296,USR-3639,South Africa,Botswana,28356.7,0.0666,Failed,2026-06-03T20:16:20.530984
TXN-20260615-000297,USR-4967,South Africa,Namibia,28064.78,0.1012,Success,2026-06-10T20:13:43.530984
TXN-20260615-000298,USR-1645,South Africa,Mozambique,40733.29,0.1297,Failed,2026-06-11T03:30:31.530984
TXN-20260615-000299,USR-9631,South Africa,Botswana,7118.67,0.1109,Failed,2026-06-03T03:33:46.530984
TXN-20260615-000300,USR-4298,South Africa,Malawi,37927.71,0.1138,Pending,2026-06-14T08:57:27.530984
TXN-20260615-000301,USR-3331,South Africa,Malawi,21439.51,0.085,Success,2026-06-12T14:48:19.530984
TXN-20260615-000302,USR-2216,South Africa,Malawi,26222.79,0.13,Pending,2026-05-23T23:24:03.530984
TXN-20260615-000303,USR-6787,South Africa,Botswana,38528.6,0.1424,Failed,2026-05-28T15:15:49.530984
TXN-20260615-000304,USR-4979,South Africa,Mozambique,38216.79,0.0765,Success,2026-06-03T18:02:56.530984
TXN-20260615-000305,USR-1451,South Africa,Zimbabwe,19819.95,0.0625,Success,2026-05-19T07:01:34.530984
TXN-20260615-000306,USR-5842,South Africa,Malawi,41085.05,0.1203,Pending,2026-06-11T06:05:26.530984
TXN-20260615-000307,USR-9432,South Africa,Mozambique,36885.21,0.062,Pending,2026-06-06T11:46:58.530984
TXN-20260615-000308,USR-1076,South Africa,Zimbabwe,34798.79,0.1005,Failed,2026-05-21T02:44:11.530984
TXN-20260615-000309,USR-8232,South Africa,Malawi,41741.61,0.0924,Failed,2026-06-10T11:38:26.530984
TXN-20260615-000310,USR-7081,South Africa,Botswana,3644.51,0.0727,Pending,2026-05-24T11:31:21.530984
TXN-20260615-000311,USR-7356,South Africa,Malawi,21291.34,0.0659,Success,2026-05-20T20:40:03.530984
TXN-20260615-000312,USR-3599,South Africa,Zimbabwe,30592.89,0.1132,Pending,2026-06-01T01:31:38.530984
TXN-20260615-000313,USR-9594,South Africa,Malawi,41450.97,0.0949,Success,2026-06-13T05:32:51.530984
TXN-20260615-000314,USR-5945,South Africa,Zimbabwe,45254.44,0.0985,Pending,2026-06-04T14:30:10.530984
TXN-20260615-000315,USR-1114,South Africa,Mozambique,12877.68,0.0736,Failed,2026-05-26T14:55:53.530984
TXN-20260615-000316,USR-1529,South Africa,Zimbabwe,24765.73,0.0863,Pending,2026-06-11T22:11:23.530984
TXN-20260615-000317,USR-1294,South Africa,Botswana,41861.86,0.1297,Failed,2026-05-27T09:17:08.530984
TXN-20260615-000318,USR-8345,South Africa,Namibia,34053.91,0.1417,Pending,2026-05-21T17:47:57.530984
TXN-20260615-000319,USR-4945,South Africa,Mozambique,40861.1,0.1146,Success,2026-06-06T16:53:51.530984
TXN-20260615-000320,USR-8005,South Africa,Namibia,41206.01,0.1453,Success,2026-06-12T20:24:08.530984
TXN-20260615-000321,USR-5667,South Africa,Namibia,29959.88,0.0587,Pending,2026-05-29T17:23:46.530984
TXN-20260615-000322,USR-5899,South Africa,Botswana,25629.63,0.1178,Success,2026-06-08T17:48:39.530984
TXN-20260615-000323,USR-8494,South Africa,Botswana,49985.63,0.1037,Pending,2026-06-12T00:37:25.530984
TXN-20260615-000324,USR-5808,South Africa,Namibia,45100.1,0.0644,Pending,2026-06-10T23:14:01.530984
TXN-20260615-000325,USR-8942,South Africa,Namibia,17981.22,0.06,Failed,2026-06-12T04:48:44.530984
TXN-20260615-000326,USR-8921,South Africa,Mozambique,39423.68,0.0979,Success,2026-06-06T06:41:29.530984
TXN-20260615-000327,USR-8351,South Africa,Namibia,22217.46,0.0943,Pending,2026-06-07T02:17:02.530984
TXN-20260615-000328,USR-3115,South Africa,Botswana,48133.15,0.0997,Success,2026-06-10T19:02:11.530984
TXN-20260615-000329,USR-6047,South Africa,Malawi,40550.73,0.1359,Pending,2026-06-10T15:32:58.530984
TXN-20260615-000330,USR-2600,South Africa,Mozambique,27665.07,0.149,Failed,2026-06-14T20:57:22.530984
TXN-20260615-000331,USR-2742,South Africa,Mozambique,40442.53,0.0675,Success,2026-05-24T04:40:24.530984
TXN-20260615-000332,USR-5995,South Africa,Zimbabwe,34558.78,0.1365,Pending,2026-05-25T20:31:29.530984
TXN-20260615-000333,USR-6165,South Africa,Malawi,24854.51,0.0853,Pending,2026-05-30T20:24:44.530984
TXN-20260615-000334,USR-7899,South Africa,Botswana,4948.92,0.1312,Pending,2026-05-17T20:34:46.530984
TXN-20260615-000335,USR-8315,South Africa,Malawi,46641.96,0.0779,Success,2026-06-13T09:31:13.530984
TXN-20260615-000336,USR-3531,South Africa,Zimbabwe,13659.9,0.142,Pending,2026-06-11T14:46:22.530984
TXN-20260615-000337,USR-5279,South Africa,Malawi,46017.01,0.0643,Success,2026-05-31T05:47:46.530984
TXN-20260615-000338,USR-4636,South Africa,Zimbabwe,44254.88,0.0909,Success,2026-05-17T23:50:17.530984
TXN-20260615-000339,USR-9613,South Africa,Zimbabwe,35349.17,0.1219,Pending,2026-05-28T05:37:02.530984
TXN-20260615-000340,USR-3981,South Africa,Zimbabwe,468.32,0.1212,Pending,2026-06-01T04:33:58.530984
TXN-20260615-000341,USR-3681,South Africa,Namibia,17885.06,0.1442,Success,2026-05-24T06:44:50.530984
TXN-20260615-000342,USR-2391,South Africa,Mozambique,18286.15,0.0632,Pending,2026-05-20T21:07:02.530984
TXN-20260615-000343,USR-8685,South Africa,Zimbabwe,15833.03,0.0877,Success,2026-05-30T02:55:21.530984
TXN-20260615-000344,USR-5780,South Africa,Botswana,19902.17,0.1035,Failed,2026-06-01T21:51:11.530984
TXN-20260615-000345,USR-5470,South Africa,Zimbabwe,39075.85,0.0756,Success,2026-06-09T05:18:33.530984
TXN-20260615-000346,USR-2974,South Africa,Botswana,22706.49,0.1039,Success,2026-06-04T12:31:48.530984
TXN-20260615-000347,USR-6934,South Africa,Zimbabwe,3594.83,0.1476,Failed,2026-06-15T10:16:17.530984
TXN-20260615-000348,USR-9496,South Africa,Malawi,714.66,0.0552,Failed,2026-05-22T22:27:23.530984
TXN-20260615-000349,USR-9588,South Africa,Mozambique,20241.48,0.1425,Success,2026-06-14T15:33:26.530984
TXN-20260615-000350,USR-2581,South Africa,Namibia,1747.02,0.1488,Pending,2026-06-02T03:11:46.530984
TXN-20260615-000351,USR-2052,South Africa,Namibia,16318.89,0.0761,Failed,2026-05-17T19:06:18.530984
TXN-20260615-000352,USR-4257,South Africa,Malawi,3750.98,0.1034,Success,2026-06-02T08:27:43.530984
TXN-20260615-000353,USR-7436,South Africa,Zimbabwe,44419.49,0.0736,Pending,2026-06-15T05:29:59.530984
TXN-20260615-000354,USR-4195,South Africa,Zimbabwe,44084.9,0.1398,Success,2026-05-23T18:49:54.530984
TXN-20260615-000355,USR-6019,South Africa,Zimbabwe,24301.21,0.1208,Pending,2026-05-30T10:19:46.530984
TXN-20260615-000356,USR-6629,South Africa,Malawi,14729.4,0.1285,Pending,2026-05-28T18:03:09.530984
TXN-20260615-000357,USR-1427,South Africa,Namibia,15155.91,0.112,Pending,2026-06-05T21:58:34.530984
TXN-20260615-000358,USR-9727,South Africa,Malawi,38336.48,0.0824,Failed,2026-05-31T11:02:10.530984
TXN-20260615-000359,USR-2860,South Africa,Namibia,27812.8,0.0697,Success,2026-06-13T08:47:21.530984
TXN-20260615-000360,USR-2061,South Africa,Zimbabwe,16875.86,0.0705,Pending,2026-06-13T05:12:02.530984
TXN-20260615-000361,USR-4066,South Africa,Malawi,12140.17,0.0616,Success,2026-05-23T04:28:45.530984
TXN-20260615-000362,USR-2744,South Africa,Botswana,6770.73,0.0777,Pending,2026-06-11T10:29:55.530984
TXN-20260615-000363,USR-1758,South Africa,Malawi,47432.59,0.0651,Failed,2026-06-04T09:45:47.530984
TXN-20260615-000364,USR-7103,South Africa,Malawi,13494.26,0.1349,Pending,2026-06-05T01:34:58.530984
TXN-20260615-000365,USR-4822,South Africa,Mozambique,22210.91,0.1381,Success,2026-05-22T23:51:08.530984
TXN-20260615-000366,USR-6833,South Africa,Mozambique,5812.86,0.0734,Pending,2026-05-25T03:38:26.530984
TXN-20260615-000367,USR-6897,South Africa,Malawi,3563.49,0.058,Failed,2026-05-30T20:38:01.530984
TXN-20260615-000368,USR-9947,South Africa,Zimbabwe,14043.67,0.1414,Success,2026-06-15T11:00:33.530984
TXN-20260615-000369,USR-7373,South Africa,Zimbabwe,5168.71,0.0779,Pending,2026-06-03T21:35:03.530984
TXN-20260615-000370,USR-1351,South Africa,Malawi,5615.43,0.1309,Pending,2026-05-28T11:00:14.530984
TXN-20260615-000371,USR-8300,South Africa,Namibia,43976.98,0.1197,Success,2026-05-19T01:10:37.530984
TXN-20260615-000372,USR-2918,South Africa,Mozambique,17285.83,0.0716,Pending,2026-05-30T15:23:18.530984
TXN-20260615-000373,USR-5416,South Africa,Mozambique,3431.37,0.1132,Success,2026-06-03T02:03:46.530984
TXN-20260615-000374,USR-2835,South Africa,Botswana,42882.47,0.0719,Pending,2026-06-02T09:52:38.530984
TXN-20260615-000375,USR-6219,South Africa,Namibia,45140.31,0.0628,Pending,2026-06-13T10:41:35.530984
TXN-20260615-000376,USR-1970,South Africa,Malawi,5806.55,0.0776,Pending,2026-05-18T22:37:57.530984
TXN-20260615-000377,USR-1475,South Africa,Namibia,29261.9,0.1319,Success,2026-05-26T16:51:29.530984
TXN-20260615-000378,USR-8751,South Africa,Botswana,9050.28,0.0592,Failed,2026-05-23T02:45:56.530984
TXN-20260615-000379,USR-2720,South Africa,Botswana,5236.2,0.096,Success,2026-05-19T13:15:11.530984
TXN-20260615-000380,USR-6191,South Africa,Zimbabwe,25729.65,0.1282,Pending,2026-06-10T21:06:37.530984
TXN-20260615-000381,USR-3371,South Africa,Botswana,48388.56,0.0514,Failed,2026-06-08T13:14:19.530984
TXN-20260615-000382,USR-2163,South Africa,Zimbabwe,21426.11,0.1302,Pending,2026-06-14T02:35:07.530984
TXN-20260615-000383,USR-1975,South Africa,Zimbabwe,16096.92,0.0756,Success,2026-05-30T18:22:53.530984
TXN-20260615-000384,USR-1508,South Africa,Mozambique,3481.52,0.0949,Failed,2026-05-29T19:12:02.530984
TXN-20260615-000385,USR-7059,South Africa,Botswana,29609.63,0.1124,Success,2026-06-05T23:39:07.530984
TXN-20260615-000386,USR-1955,South Africa,Mozambique,5263.11,0.052,Failed,2026-05-18T16:43:31.530984
TXN-20260615-000387,USR-8676,South Africa,Botswana,6961.46,0.1274,Success,2026-06-13T16:24:52.530984
TXN-20260615-000388,USR-5764,South Africa,Botswana,19742.38,0.0939,Failed,2026-06-09T16:30:56.530984
TXN-20260615-000389,USR-2249,South Africa,Botswana,19106.9,0.1058,Pending,2026-06-07T03:32:47.530984
TXN-20260615-000390,USR-9528,South Africa,Malawi,47188.71,0.0808,Pending,2026-06-15T03:56:15.530984
TXN-20260615-000391,USR-7773,South Africa,Namibia,16128.64,0.1473,Pending,2026-06-05T22:10:20.530984
TXN-20260615-000392,USR-6858,South Africa,Botswana,44223.47,0.1157,Pending,2026-05-20T04:15:22.530984
TXN-20260615-000393,USR-9405,South Africa,Malawi,16160.81,0.0622,Pending,2026-05-22T05:09:48.530984
TXN-20260615-000394,USR-2340,South Africa,Mozambique,32066.82,0.1133,Pending,2026-05-29T19:50:23.530984
TXN-20260615-000395,USR-4984,South Africa,Malawi,27750.68,0.0742,Failed,2026-06-01T14:15:20.530984
TXN-20260615-000396,USR-4379,South Africa,Mozambique,18589.08,0.08,Failed,2026-05-19T22:10:29.530984
TXN-20260615-000397,USR-7896,South Africa,Mozambique,8872.38,0.0677,Pending,2026-06-06T02:04:25.530984
TXN-20260615-000398,USR-6938,South Africa,Zimbabwe,44905.44,0.0845,Pending,2026-06-03T15:16:34.530984
TXN-20260615-000399,USR-2462,South Africa,Zimbabwe,411.68,0.082,Pending,2026-05-19T14:30:45.530984
TXN-20260615-000400,USR-3702,South Africa,Malawi,11100.73,0.1393,Failed,2026-06-08T21:01:47.530984
TXN-20260615-000401,USR-5078,South Africa,Malawi,20927.58,0.0935,Failed,2026-06-01T15:15:31.530984
TXN-20260615-000402,USR-7094,South Africa,Mozambique,21832.01,0.13,Success,2026-06-03T03:29:06.530984
TXN-20260615-000403,USR-9775,South Africa,Botswana,15123.56,0.082,Failed,2026-06-04T11:17:22.530984
TXN-20260615-000404,USR-8901,South Africa,Namibia,31059.9,0.1056,Failed,2026-06-14T12:25:27.530984
TXN-20260615-000405,USR-3116,South Africa,Mozambique,10191.44,0.0846,Failed,2026-06-11T21:51:45.530984
TXN-20260615-000406,USR-7992,South Africa,Mozambique,6802.36,0.135,Success,2026-06-07T21:37:38.530984
TXN-20260615-000407,USR-6960,South Africa,Zimbabwe,10945.42,0.0913,Success,2026-06-13T19:29:59.530984
TXN-20260615-000408,USR-8949,South Africa,Namibia,44574.31,0.118,Success,2026-05-28T04:14:16.530984
TXN-20260615-000409,USR-1618,South Africa,Namibia,36315.28,0.0709,Pending,2026-06-04T09:58:30.530984
TXN-20260615-000410,USR-6733,South Africa,Namibia,7094.09,0.0691,Pending,2026-05-24T03:13:09.530984
TXN-20260615-000411,USR-2455,South Africa,Malawi,9223.23,0.1492,Pending,2026-06-06T13:08:21.530984
TXN-20260615-000412,USR-5945,South Africa,Mozambique,37450.43,0.112,Failed,2026-05-23T02:40:58.530984
TXN-20260615-000413,USR-2697,South Africa,Namibia,28929.79,0.0648,Failed,2026-05-29T21:22:17.530984
TXN-20260615-000414,USR-6206,South Africa,Mozambique,48019.61,0.1226,Success,2026-05-19T09:47:10.530984
TXN-20260615-000415,USR-8558,South Africa,Mozambique,39741.23,0.0945,Failed,2026-05-31T12:53:28.530984
TXN-20260615-000416,USR-4178,South Africa,Namibia,33866.64,0.1049,Failed,2026-06-11T05:19:59.530984
TXN-20260615-000417,USR-4011,South Africa,Botswana,30416.64,0.0615,Pending,2026-06-02T07:31:53.530984
TXN-20260615-000418,USR-6597,South Africa,Zimbabwe,49050.16,0.0961,Success,2026-06-10T20:15:12.530984
TXN-20260615-000419,USR-1034,South Africa,Mozambique,42024.3,0.0742,Pending,2026-05-22T11:21:21.530984
TXN-20260615-000420,USR-6867,South Africa,Mozambique,23456.06,0.1079,Pending,2026-05-18T00:38:06.530984
TXN-20260615-000421,USR-6445,South Africa,Namibia,4228.46,0.127,Success,2026-06-07T03:19:58.530984
TXN-20260615-000422,USR-9719,South Africa,Zimbabwe,30416.41,0.0645,Pending,2026-06-11T01:33:40.530984
TXN-20260615-000423,USR-4065,South Africa,Mozambique,46160.68,0.0729,Failed,2026-05-23T11:26:11.530984
TXN-20260615-000424,USR-5217,South Africa,Botswana,20414.82,0.1335,Pending,2026-05-17T03:23:46.530984
TXN-20260615-000425,USR-4131,South Africa,Namibia,7259.48,0.0608,Success,2026-05-25T15:10:00.530984
TXN-20260615-000426,USR-4153,South Africa,Zimbabwe,23471.43,0.0627,Failed,2026-06-01T17:28:22.530984
TXN-20260615-000427,USR-1612,South Africa,Zimbabwe,26858.45,0.0564,Failed,2026-06-06T08:37:39.530984
TXN-20260615-000428,USR-1274,South Africa,Malawi,17785.31,0.1039,Pending,2026-06-07T03:27:41.530984
TXN-20260615-000429,USR-8795,South Africa,Zimbabwe,10064.17,0.0864,Pending,2026-05-24T10:44:28.530984
TXN-20260615-000430,USR-5092,South Africa,Mozambique,43149.94,0.0864,Pending,2026-05-26T10:29:01.530984
TXN-20260615-000431,USR-5563,South Africa,Mozambique,9560.52,0.106,Success,2026-05-22T01:10:30.530984
TXN-20260615-000432,USR-5665,South Africa,Zimbabwe,42730.35,0.0677,Pending,2026-05-28T06:53:22.530984
TXN-20260615-000433,USR-2376,South Africa,Namibia,44701.17,0.0728,Success,2026-06-09T07:01:37.530984
TXN-20260615-000434,USR-2274,South Africa,Mozambique,36089.41,0.1045,Pending,2026-06-02T16:33:14.530984
TXN-20260615-000435,USR-6659,South Africa,Zimbabwe,13700.65,0.0775,Success,2026-05-30T01:39:58.530984
TXN-20260615-000436,USR-7753,South Africa,Mozambique,9507.62,0.1029,Success,2026-05-31T14:59:03.530984
TXN-20260615-000437,USR-9110,South Africa,Botswana,35211.93,0.0921,Success,2026-05-19T12:51:13.530984
TXN-20260615-000438,USR-5524,South Africa,Malawi,10501.52,0.1227,Failed,2026-06-11T02:40:18.530984
TXN-20260615-000439,USR-4156,South Africa,Namibia,14740.76,0.0511,Pending,2026-05-31T05:34:42.530984
TXN-20260615-000440,USR-6931,South Africa,Zimbabwe,15898.25,0.0565,Success,2026-05-21T11:12:50.530984
TXN-20260615-000441,USR-1120,South Africa,Malawi,28594.95,0.1017,Failed,2026-05-23T02:27:27.530984
TXN-20260615-000442,USR-1188,South Africa,Namibia,7968.86,0.0523,Failed,2026-05-22T19:31:05.530984
TXN-20260615-000443,USR-5630,South Africa,Zimbabwe,6615.58,0.1036,Failed,2026-06-12T07:27:11.530984
TXN-20260615-000444,USR-4207,South Africa,Malawi,36862.13,0.071,Pending,2026-05-20T12:47:35.530984
TXN-20260615-000445,USR-3022,South Africa,Botswana,41439.28,0.0957,Pending,2026-06-14T08:32:44.530984
TXN-20260615-000446,USR-4986,South Africa,Namibia,2921.34,0.1488,Failed,2026-06-03T01:09:37.530984
TXN-20260615-000447,USR-3444,South Africa,Malawi,19184.91,0.1331,Pending,2026-06-13T22:41:32.530984
TXN-20260615-000448,USR-2716,South Africa,Mozambique,47852.52,0.0759,Success,2026-06-13T09:40:28.530984
TXN-20260615-000449,USR-1608,South Africa,Botswana,34091.89,0.0875,Failed,2026-06-02T02:20:30.530984
TXN-20260615-000450,USR-3819,South Africa,Botswana,5363.32,0.0929,Pending,2026-05-23T11:04:07.530984
TXN-20260615-000451,USR-8563,South Africa,Zimbabwe,26166.03,0.1493,Pending,2026-06-13T02:35:38.530984
TXN-20260615-000452,USR-1981,South Africa,Botswana,6727.96,0.0958,Success,2026-06-12T06:24:21.530984
TXN-20260615-000453,USR-7650,South Africa,Botswana,40998.38,0.1431,Success,2026-05-21T19:09:05.530984
TXN-20260615-000454,USR-4008,South Africa,Zimbabwe,13768.45,0.1455,Success,2026-06-03T23:01:09.530984
TXN-20260615-000455,USR-3759,South Africa,Botswana,2036.15,0.1395,Success,2026-06-01T00:41:30.530984
TXN-20260615-000456,USR-4128,South Africa,Mozambique,26154.2,0.1258,Failed,2026-06-07T06:08:07.530984
TXN-20260615-000457,USR-6948,South Africa,Botswana,40839.24,0.1366,Pending,2026-06-07T18:03:17.530984
TXN-20260615-000458,USR-2371,South Africa,Malawi,14864.15,0.0552,Pending,2026-05-25T11:09:09.530984
TXN-20260615-000459,USR-5064,South Africa,Mozambique,15073.7,0.0891,Success,2026-05-30T12:17:14.530984
TXN-20260615-000460,USR-9322,South Africa,Malawi,2762.17,0.0796,Pending,2026-05-19T21:02:52.530984
TXN-20260615-000461,USR-8572,South Africa,Zimbabwe,10860.44,0.0579,Success,2026-06-14T15:02:23.530984
TXN-20260615-000462,USR-7968,South Africa,Malawi,41331.17,0.0775,Pending,2026-05-22T21:07:11.530984
TXN-20260615-000463,USR-1262,South Africa,Malawi,45510.79,0.1433,Failed,2026-06-12T15:55:42.530984
TXN-20260615-000464,USR-9151,South Africa,Botswana,29130.48,0.1113,Pending,2026-06-04T14:28:24.530984
TXN-20260615-000465,USR-9667,South Africa,Botswana,1182.54,0.1131,Failed,2026-06-13T14:14:57.530984
TXN-20260615-000466,USR-9534,South Africa,Namibia,11703.88,0.0672,Success,2026-06-03T23:45:03.530984
TXN-20260615-000467,USR-7632,South Africa,Namibia,43295.34,0.1463,Failed,2026-05-18T22:57:06.530984
TXN-20260615-000468,USR-2279,South Africa,Malawi,10009.41,0.1337,Success,2026-06-11T17:16:12.530984
TXN-20260615-000469,USR-6894,South Africa,Zimbabwe,44499.4,0.0562,Success,2026-05-20T05:00:46.530984
TXN-20260615-000470,USR-2880,South Africa,Malawi,20816.8,0.1317,Pending,2026-06-14T12:53:20.530984
TXN-20260615-000471,USR-4005,South Africa,Namibia,17186.78,0.0878,Success,2026-05-19T22:11:59.530984
TXN-20260615-000472,USR-6980,South Africa,Malawi,4284.6,0.1484,Success,2026-06-10T05:07:00.530984
TXN-20260615-000473,USR-8098,South Africa,Botswana,35012.69,0.0866,Pending,2026-05-18T14:52:57.530984
TXN-20260615-000474,USR-9150,South Africa,Zimbabwe,6843.22,0.1418,Failed,2026-05-30T21:04:58.530984
TXN-20260615-000475,USR-5814,South Africa,Zimbabwe,30658.76,0.0928,Success,2026-06-11T18:50:48.530984
TXN-20260615-000476,USR-6782,South Africa,Malawi,28610.0,0.1293,Failed,2026-06-12T16:59:39.530984
TXN-20260615-000477,USR-5698,South Africa,Mozambique,3857.8,0.0667,Success,2026-06-15T13:46:23.530984
TXN-20260615-000478,USR-7762,South Africa,Zimbabwe,12085.98,0.1016,Success,2026-06-12T19:51:53.530984
TXN-20260615-000479,USR-9347,South Africa,Namibia,21547.45,0.1404,Pending,2026-06-14T06:56:12.530984
TXN-20260615-000480,USR-7065,South Africa,Botswana,44186.27,0.0755,Pending,2026-05-20T10:51:22.530984
TXN-20260615-000481,USR-3720,South Africa,Zimbabwe,11787.95,0.0742,Success,2026-06-11T12:32:49.530984
TXN-20260615-000482,USR-8745,South Africa,Zimbabwe,21397.4,0.1486,Pending,2026-06-07T23:18:44.530984
TXN-20260615-000483,USR-5505,South Africa,Zimbabwe,32254.0,0.0843,Pending,2026-06-05T02:54:43.530984
TXN-20260615-000484,USR-9291,South Africa,Zimbabwe,25605.45,0.0867,Pending,2026-05-27T13:17:19.530984
TXN-20260615-000485,USR-3568,South Africa,Zimbabwe,22646.7,0.1258,Success,2026-05-21T16:17:19.530984
TXN-20260615-000486,USR-3487,South Africa,Mozambique,9865.84,0.108,Pending,2026-06-04T15:13:16.530984
TXN-20260615-000487,USR-5041,South Africa,Mozambique,42159.79,0.0642,Pending,2026-05-28T19:46:09.530984
TXN-20260615-000488,USR-4862,South Africa,Zimbabwe,2808.56,0.0779,Failed,2026-06-05T15:22:05.530984
TXN-20260615-000489,USR-4238,South Africa,Zimbabwe,2425.06,0.0845,Failed,2026-06-09T00:29:26.530984
TXN-20260615-000490,USR-4701,South Africa,Botswana,18160.04,0.0679,Success,2026-05-27T23:24:14.530984
TXN-20260615-000491,USR-5940,South Africa,Namibia,49589.66,0.1109,Pending,2026-06-03T23:19:03.530984
TXN-20260615-000492,USR-4059,South Africa,Malawi,46839.03,0.1282,Failed,2026-06-06T02:50:44.530984
TXN-20260615-000493,USR-5872,South Africa,Malawi,3678.25,0.1128,Success,2026-05-18T14:28:28.530984
TXN-20260615-000494,USR-6535,South Africa,Mozambique,43358.94,0.0546,Failed,2026-06-13T00:21:47.530984
TXN-20260615-000495,USR-5597,South Africa,Botswana,14162.98,0.0951,Success,2026-05-23T04:38:52.530984
TXN-20260615-000496,USR-2043,South Africa,Botswana,12304.86,0.1168,Success,2026-05-28T12:43:34.530984
TXN-20260615-000497,USR-3761,South Africa,Mozambique,48081.7,0.0791,Pending,2026-06-14T08:18:35.530984
TXN-20260615-000498,USR-2723,South Africa,Mozambique,19786.14,0.0845,Failed,2026-05-17T08:53:04.530984
TXN-20260615-000499,USR-5428,South Africa,Botswana,3260.86,0.1291,Pending,2026-06-07T06:37:01.530984
TXN-20260615-000500,USR-9786,South Africa,Namibia,25748.75,0.0759,Pending,2026-05-19T06:42:50.530984
TXN-20260615-000501,USR-8572,South Africa,Namibia,49336.96,0.1356,Success,2026-06-07T16:38:31.530984
TXN-20260615-000502,USR-7652,South Africa,Namibia,20611.4,0.1376,Pending,2026-05-28T05:08:18.530984
TXN-20260615-000503,USR-6616,South Africa,Zimbabwe,3814.39,0.1068,Success,2026-05-22T00:50:22.530984
TXN-20260615-000504,USR-8360,South Africa,Namibia,48571.64,0.0844,Success,2026-05-23T04:55:35.530984
TXN-20260615-000505,USR-4642,South Africa,Mozambique,28010.14,0.1239,Failed,2026-05-29T23:56:13.530984
TXN-20260615-000506,USR-1605,South Africa,Zimbabwe,22849.31,0.0709,Failed,2026-06-10T10:30:05.530984
TXN-20260615-000507,USR-3607,South Africa,Mozambique,19996.72,0.0919,Failed,2026-05-18T01:24:40.530984
TXN-20260615-000508,USR-7958,South Africa,Malawi,33028.27,0.1199,Pending,2026-06-02T23:02:36.530984
TXN-20260615-000509,USR-8599,South Africa,Namibia,39941.93,0.1414,Failed,2026-05-31T05:39:51.530984
TXN-20260615-000510,USR-7351,South Africa,Mozambique,40454.39,0.0851,Failed,2026-05-30T12:22:12.530984
TXN-20260615-000511,USR-6281,South Africa,Zimbabwe,30679.63,0.0583,Failed,2026-06-11T02:04:19.530984
TXN-20260615-000512,USR-7790,South Africa,Mozambique,4343.57,0.1138,Failed,2026-05-21T07:50:05.530984
TXN-20260615-000513,USR-3687,South Africa,Zimbabwe,34155.54,0.0766,Success,2026-06-09T04:05:12.530984
TXN-20260615-000514,USR-3780,South Africa,Namibia,10689.75,0.117,Pending,2026-06-07T03:52:02.530984
TXN-20260615-000515,USR-1666,South Africa,Botswana,29040.74,0.0961,Pending,2026-05-27T11:58:37.530984
TXN-20260615-000516,USR-8024,South Africa,Namibia,22285.02,0.0692,Failed,2026-05-28T02:40:21.530984
TXN-20260615-000517,USR-1568,South Africa,Mozambique,41007.71,0.0703,Success,2026-05-21T04:34:34.530984
TXN-20260615-000518,USR-9940,South Africa,Malawi,45627.63,0.0619,Failed,2026-05-28T22:04:23.530984
TXN-20260615-000519,USR-3232,South Africa,Botswana,29799.36,0.0526,Pending,2026-06-12T04:48:23.530984
TXN-20260615-000520,USR-5036,South Africa,Mozambique,20807.53,0.1007,Failed,2026-05-22T12:17:30.530984
TXN-20260615-000521,USR-6577,South Africa,Mozambique,49758.16,0.0808,Pending,2026-06-04T08:10:11.530984
TXN-20260615-000522,USR-8567,South Africa,Zimbabwe,40464.48,0.1497,Pending,2026-06-15T10:29:00.530984
TXN-20260615-000523,USR-3655,South Africa,Malawi,47829.23,0.0818,Success,2026-05-28T05:52:17.530984
TXN-20260615-000524,USR-5618,South Africa,Malawi,23798.75,0.1087,Failed,2026-06-13T22:36:43.530984
TXN-20260615-000525,USR-5619,South Africa,Zimbabwe,35205.09,0.1275,Success,2026-05-31T04:23:26.530984
TXN-20260615-000526,USR-4636,South Africa,Mozambique,17328.53,0.0796,Pending,2026-06-10T21:03:29.530984
TXN-20260615-000527,USR-3283,South Africa,Zimbabwe,20801.65,0.0864,Pending,2026-05-31T18:42:52.530984
TXN-20260615-000528,USR-2962,South Africa,Zimbabwe,7803.23,0.0759,Failed,2026-05-19T03:44:14.530984
TXN-20260615-000529,USR-3698,South Africa,Malawi,47051.1,0.0945,Success,2026-05-24T09:30:39.530984
TXN-20260615-000530,USR-7460,South Africa,Botswana,37366.18,0.1145,Pending,2026-06-01T08:00:08.530984
TXN-20260615-000531,USR-9909,South Africa,Namibia,7068.41,0.1011,Failed,2026-06-11T02:25:30.530984
TXN-20260615-000532,USR-3291,South Africa,Zimbabwe,33802.15,0.0639,Success,2026-06-09T01:14:59.530984
TXN-20260615-000533,USR-4616,South Africa,Botswana,16905.18,0.1001,Failed,2026-05-17T22:44:41.530984
TXN-20260615-000534,USR-2006,South Africa,Botswana,18035.37,0.0668,Pending,2026-05-29T12:49:55.530984
TXN-20260615-000535,USR-4899,South Africa,Mozambique,18722.6,0.1203,Pending,2026-06-06T15:57:46.530984
TXN-20260615-000536,USR-8924,South Africa,Botswana,3704.69,0.1246,Success,2026-06-04T11:07:17.530984
TXN-20260615-000537,USR-9938,South Africa,Malawi,23554.94,0.1398,Success,2026-05-26T13:39:20.530984
TXN-20260615-000538,USR-5912,South Africa,Malawi,1243.58,0.1118,Failed,2026-06-11T14:38:59.530984
TXN-20260615-000539,USR-2780,South Africa,Zimbabwe,20628.2,0.1366,Pending,2026-05-19T02:26:56.530984
TXN-20260615-000540,USR-8590,South Africa,Namibia,45274.77,0.0564,Failed,2026-05-29T16:35:10.530984
TXN-20260615-000541,USR-2012,South Africa,Botswana,11778.09,0.1223,Success,2026-05-23T20:55:55.530984
TXN-20260615-000542,USR-1283,South Africa,Namibia,33069.5,0.1493,Pending,2026-06-05T22:11:29.530984
TXN-20260615-000543,USR-6799,South Africa,Namibia,6962.05,0.1113,Failed,2026-05-29T02:13:42.530984
TXN-20260615-000544,USR-8316,South Africa,Botswana,46362.64,0.0797,Failed,2026-06-09T06:22:18.530984
TXN-20260615-000545,USR-5109,South Africa,Namibia,46676.93,0.1255,Success,2026-05-29T19:13:13.530984
TXN-20260615-000546,USR-4255,South Africa,Botswana,6876.76,0.0878,Pending,2026-06-15T11:33:53.530984
TXN-20260615-000547,USR-2471,South Africa,Malawi,5202.68,0.0764,Failed,2026-05-31T03:59:21.530984
TXN-20260615-000548,USR-7659,South Africa,Namibia,4165.31,0.0686,Success,2026-05-19T08:26:34.530984
TXN-20260615-000549,USR-8037,South Africa,Zimbabwe,13009.15,0.1135,Pending,2026-06-09T08:53:43.530984
TXN-20260615-000550,USR-7367,South Africa,Botswana,47016.32,0.1008,Success,2026-05-30T13:27:30.530984
TXN-20260615-000551,USR-6704,South Africa,Namibia,8268.28,0.1077,Failed,2026-05-24T12:41:11.530984
TXN-20260615-000552,USR-3162,South Africa,Malawi,3116.48,0.1003,Success,2026-05-29T11:52:24.530984
TXN-20260615-000553,USR-5298,South Africa,Zimbabwe,40044.84,0.144,Failed,2026-05-30T00:39:02.530984
TXN-20260615-000554,USR-9348,South Africa,Zimbabwe,8186.37,0.0608,Pending,2026-06-10T02:39:58.530984
TXN-20260615-000555,USR-6895,South Africa,Zimbabwe,46661.47,0.107,Pending,2026-06-01T04:06:50.530984
TXN-20260615-000556,USR-1194,South Africa,Mozambique,48989.76,0.1188,Failed,2026-06-15T16:23:53.530984
TXN-20260615-000557,USR-4447,South Africa,Botswana,35284.2,0.0817,Pending,2026-06-07T22:16:34.530984
TXN-20260615-000558,USR-4218,South Africa,Namibia,23002.57,0.1264,Success,2026-05-26T23:54:15.530984
TXN-20260615-000559,USR-5758,South Africa,Namibia,32462.96,0.1062,Success,2026-06-13T14:28:34.530984
TXN-20260615-000560,USR-6644,South Africa,Mozambique,36262.31,0.0731,Pending,2026-06-11T06:21:14.530984
TXN-20260615-000561,USR-1830,South Africa,Mozambique,5777.0,0.0918,Pending,2026-06-02T12:25:27.530984
TXN-20260615-000562,USR-7985,South Africa,Malawi,46693.88,0.0534,Pending,2026-05-24T04:25:06.530984
TXN-20260615-000563,USR-4994,South Africa,Namibia,29126.77,0.1283,Pending,2026-06-15T01:46:23.530984
TXN-20260615-000564,USR-1222,South Africa,Botswana,12961.75,0.1155,Success,2026-05-26T23:06:09.530984
TXN-20260615-000565,USR-2442,South Africa,Malawi,42570.02,0.1459,Success,2026-06-09T11:56:31.530984
TXN-20260615-000566,USR-5659,South Africa,Mozambique,11146.3,0.1217,Success,2026-06-04T11:05:52.530984
TXN-20260615-000567,USR-1480,South Africa,Namibia,14741.33,0.1233,Success,2026-06-02T13:38:12.530984
TXN-20260615-000568,USR-2148,South Africa,Botswana,32446.83,0.1416,Pending,2026-05-27T15:16:25.530984
TXN-20260615-000569,USR-8077,South Africa,Namibia,18162.22,0.0731,Pending,2026-05-22T19:10:56.530984
TXN-20260615-000570,USR-3209,South Africa,Namibia,48186.56,0.0759,Pending,2026-05-23T00:41:22.530984
TXN-20260615-000571,USR-7201,South Africa,Zimbabwe,32326.09,0.1422,Failed,2026-05-31T05:31:22.530984
TXN-20260615-000572,USR-8773,South Africa,Malawi,45946.0,0.1021,Pending,2026-06-05T11:27:23.530984
TXN-20260615-000573,USR-9536,South Africa,Botswana,18376.69,0.0969,Pending,2026-05-23T09:10:03.530984
TXN-20260615-000574,USR-6402,South Africa,Mozambique,25736.52,0.1432,Success,2026-05-21T06:01:19.530984
TXN-20260615-000575,USR-5213,South Africa,Mozambique,28105.33,0.0546,Pending,2026-06-09T16:37:42.530984
TXN-20260615-000576,USR-1513,South Africa,Malawi,49577.34,0.055,Pending,2026-06-01T21:07:55.530984
TXN-20260615-000577,USR-3610,South Africa,Mozambique,37311.54,0.1399,Failed,2026-06-03T09:01:38.530984
TXN-20260615-000578,USR-6590,South Africa,Namibia,16414.69,0.0621,Failed,2026-06-04T10:38:49.530984
TXN-20260615-000579,USR-8046,South Africa,Mozambique,4772.91,0.0998,Failed,2026-05-21T20:38:32.530984
TXN-20260615-000580,USR-6480,South Africa,Botswana,5931.82,0.0793,Success,2026-05-18T05:48:59.530984
TXN-20260615-000581,USR-4710,South Africa,Malawi,12675.24,0.0593,Failed,2026-05-28T07:19:56.530984
TXN-20260615-000582,USR-3592,South Africa,Mozambique,27987.35,0.1142,Failed,2026-05-25T17:31:06.530984
TXN-20260615-000583,USR-1528,South Africa,Zimbabwe,24571.71,0.0757,Success,2026-05-31T08:12:20.530984
TXN-20260615-000584,USR-6871,South Africa,Botswana,17473.54,0.1086,Failed,2026-05-31T18:36:49.530984
TXN-20260615-000585,USR-1526,South Africa,Mozambique,14013.42,0.1404,Success,2026-06-05T13:03:47.530984
TXN-20260615-000586,USR-7794,South Africa,Zimbabwe,10406.96,0.0667,Failed,2026-05-31T20:47:05.530984
TXN-20260615-000587,USR-3346,South Africa,Malawi,44033.32,0.1168,Pending,2026-06-15T00:33:47.530984
TXN-20260615-000588,USR-8853,South Africa,Botswana,8885.31,0.0578,Success,2026-06-09T12:26:23.530984
TXN-20260615-000589,USR-3732,South Africa,Malawi,42877.53,0.0656,Failed,2026-06-06T17:31:36.530984
TXN-20260615-000590,USR-7390,South Africa,Namibia,25778.58,0.1001,Pending,2026-06-12T06:22:29.530984
TXN-20260615-000591,USR-9737,South Africa,Botswana,23556.29,0.1278,Success,2026-06-15T17:32:36.530984
TXN-20260615-000592,USR-3881,South Africa,Namibia,26007.01,0.0527,Success,2026-06-01T10:56:57.530984
TXN-20260615-000593,USR-4831,South Africa,Zimbabwe,26242.73,0.0944,Success,2026-06-10T09:26:59.530984
TXN-20260615-000594,USR-2920,South Africa,Mozambique,16877.65,0.085,Pending,2026-06-10T23:41:17.530984
TXN-20260615-000595,USR-2264,South Africa,Namibia,38779.75,0.1093,Pending,2026-05-19T12:59:21.530984
TXN-20260615-000596,USR-4485,South Africa,Namibia,15033.3,0.071,Failed,2026-06-03T10:41:06.530984
TXN-20260615-000597,USR-9839,South Africa,Mozambique,43468.37,0.0716,Success,2026-05-27T03:21:06.530984
TXN-20260615-000598,USR-3062,South Africa,Namibia,48499.71,0.064,Success,2026-05-24T02:15:17.530984
TXN-20260615-000599,USR-9554,South Africa,Malawi,47204.64,0.1253,Failed,2026-05-29T11:58:39.530984
TXN-20260615-000600,USR-9631,South Africa,Botswana,25693.06,0.0724,Failed,2026-06-15T09:00:29.530984
TXN-20260615-000601,USR-1533,South Africa,Mozambique,30464.24,0.1319,Pending,2026-06-10T23:24:03.530984
TXN-20260615-000602,USR-9558,South Africa,Zimbabwe,21259.42,0.1209,Pending,2026-05-28T23:46:29.530984
TXN-20260615-000603,USR-1500,South Africa,Mozambique,40722.22,0.0621,Pending,2026-05-25T23:02:40.530984
TXN-20260615-000604,USR-5140,South Africa,Malawi,28682.98,0.1215,Failed,2026-05-25T16:58:31.530984
TXN-20260615-000605,USR-8690,South Africa,Zimbabwe,10290.48,0.1132,Failed,2026-06-03T02:22:04.530984
TXN-20260615-000606,USR-4082,South Africa,Mozambique,17614.97,0.1447,Pending,2026-05-29T19:37:56.530984
TXN-20260615-000607,USR-9181,South Africa,Mozambique,23523.39,0.1057,Success,2026-05-19T09:25:34.530984
TXN-20260615-000608,USR-6445,South Africa,Malawi,43650.78,0.0771,Pending,2026-05-18T19:32:28.530984
TXN-20260615-000609,USR-7727,South Africa,Botswana,27854.41,0.1337,Pending,2026-05-22T15:54:46.530984
TXN-20260615-000610,USR-8736,South Africa,Malawi,17407.34,0.1483,Pending,2026-06-10T00:56:43.530984
TXN-20260615-000611,USR-8550,South Africa,Namibia,17889.15,0.053,Failed,2026-05-18T08:43:13.530984
TXN-20260615-000612,USR-8978,South Africa,Malawi,13879.45,0.0955,Success,2026-05-26T09:33:42.530984
TXN-20260615-000613,USR-7480,South Africa,Namibia,9489.63,0.1453,Success,2026-06-10T04:52:11.530984
TXN-20260615-000614,USR-5361,South Africa,Botswana,43869.26,0.1375,Success,2026-06-09T15:13:33.530984
TXN-20260615-000615,USR-3996,South Africa,Botswana,1529.72,0.0791,Pending,2026-06-13T22:25:08.530984
TXN-20260615-000616,USR-2012,South Africa,Namibia,22723.24,0.107,Pending,2026-06-03T20:16:20.530984
TXN-20260615-000617,USR-2474,South Africa,Zimbabwe,30433.51,0.0714,Pending,2026-06-03T08:28:13.530984
TXN-20260615-000618,USR-7358,South Africa,Botswana,1646.95,0.0771,Failed,2026-05-18T09:21:16.530984
TXN-20260615-000619,USR-6372,South Africa,Botswana,33985.71,0.1256,Pending,2026-05-22T09:52:01.530984
TXN-20260615-000620,USR-8398,South Africa,Botswana,11365.46,0.1423,Success,2026-06-07T13:19:05.530984
TXN-20260615-000621,USR-6181,South Africa,Malawi,11219.98,0.1291,Pending,2026-05-24T23:13:01.530984
TXN-20260615-000622,USR-6734,South Africa,Namibia,6315.61,0.0884,Pending,2026-06-03T05:23:21.530984
TXN-20260615-000623,USR-3676,South Africa,Mozambique,12348.41,0.0946,Pending,2026-05-28T08:03:05.530984
TXN-20260615-000624,USR-4438,South Africa,Namibia,3878.9,0.0987,Pending,2026-06-12T10:57:19.530984
TXN-20260615-000625,USR-9081,South Africa,Namibia,9495.44,0.0559,Success,2026-06-09T16:05:51.530984
TXN-20260615-000626,USR-6231,South Africa,Zimbabwe,23431.28,0.0691,Pending,2026-06-07T05:38:01.530984
TXN-20260615-000627,USR-4536,South Africa,Mozambique,29575.82,0.1047,Failed,2026-05-17T15:57:41.530984
TXN-20260615-000628,USR-3670,South Africa,Namibia,40590.78,0.0844,Pending,2026-06-15T05:12:47.530984
TXN-20260615-000629,USR-6615,South Africa,Zimbabwe,31027.94,0.1243,Pending,2026-06-14T23:31:48.530984
TXN-20260615-000630,USR-2122,South Africa,Mozambique,27170.38,0.0712,Failed,2026-06-02T06:46:24.530984
TXN-20260615-000631,USR-7991,South Africa,Namibia,17704.97,0.0538,Failed,2026-05-21T13:24:47.530984
TXN-20260615-000632,USR-4217,South Africa,Malawi,32964.07,0.0906,Failed,2026-06-13T11:14:23.530984
TXN-20260615-000633,USR-3742,South Africa,Zimbabwe,36754.94,0.133,Failed,2026-05-31T06:31:05.530984
TXN-20260615-000634,USR-9752,South Africa,Malawi,12106.03,0.1273,Success,2026-06-07T04:24:01.530984
TXN-20260615-000635,USR-1400,South Africa,Namibia,29576.1,0.0847,Success,2026-06-12T09:13:51.530984
TXN-20260615-000636,USR-9677,South Africa,Mozambique,11534.76,0.1103,Success,2026-06-12T00:19:07.530984
TXN-20260615-000637,USR-4829,South Africa,Zimbabwe,26504.33,0.078,Pending,2026-06-13T04:52:29.530984
TXN-20260615-000638,USR-3653,South Africa,Namibia,8724.03,0.0679,Success,2026-05-29T10:43:31.530984
TXN-20260615-000639,USR-8977,South Africa,Namibia,38553.88,0.1146,Failed,2026-06-08T00:26:58.530984
TXN-20260615-000640,USR-6248,South Africa,Malawi,47578.11,0.0986,Success,2026-06-12T12:40:33.530984
TXN-20260615-000641,USR-6418,South Africa,Botswana,1098.87,0.0984,Pending,2026-06-11T00:16:26.530984
TXN-20260615-000642,USR-8626,South Africa,Mozambique,30607.62,0.0912,Pending,2026-05-29T13:35:08.530984
TXN-20260615-000643,USR-1387,South Africa,Mozambique,21380.34,0.0769,Success,2026-06-06T04:09:30.530984
TXN-20260615-000644,USR-9835,South Africa,Malawi,43315.49,0.1227,Success,2026-05-23T14:51:19.530984
TXN-20260615-000645,USR-8517,South Africa,Malawi,25519.41,0.0634,Success,2026-05-29T00:56:53.530984
TXN-20260615-000646,USR-9254,South Africa,Mozambique,27866.68,0.0618,Failed,2026-05-22T11:15:55.530984
TXN-20260615-000647,USR-9445,South Africa,Zimbabwe,33068.59,0.0732,Failed,2026-05-21T13:06:30.530984
TXN-20260615-000648,USR-1393,South Africa,Botswana,16705.36,0.1289,Failed,2026-05-30T06:48:50.530984
TXN-20260615-000649,USR-9514,South Africa,Botswana,36128.34,0.1456,Failed,2026-05-28T09:42:47.530984
TXN-20260615-000650,USR-2369,South Africa,Malawi,29714.58,0.1278,Failed,2026-05-18T20:45:53.530984
TXN-20260615-000651,USR-3607,South Africa,Zimbabwe,8512.01,0.1151,Failed,2026-06-08T04:35:05.530984
TXN-20260615-000652,USR-8929,South Africa,Namibia,47475.11,0.0536,Failed,2026-06-10T03:40:18.530984
TXN-20260615-000653,USR-6826,South Africa,Malawi,11197.69,0.0541,Pending,2026-06-14T00:34:58.530984
TXN-20260615-000654,USR-2594,South Africa,Namibia,11435.07,0.0515,Success,2026-05-19T17:11:23.530984
TXN-20260615-000655,USR-7437,South Africa,Botswana,25340.81,0.1306,Success,2026-06-13T18:22:08.530984
TXN-20260615-000656,USR-3657,South Africa,Mozambique,22095.44,0.0569,Success,2026-06-15T17:19:24.530984
TXN-20260615-000657,USR-5349,South Africa,Botswana,20698.6,0.1448,Failed,2026-05-31T23:24:13.530984
TXN-20260615-000658,USR-3718,South Africa,Malawi,44764.78,0.1477,Success,2026-05-24T03:05:01.530984
TXN-20260615-000659,USR-6509,South Africa,Mozambique,3358.86,0.0558,Failed,2026-05-20T11:08:50.530984
TXN-20260615-000660,USR-6122,South Africa,Mozambique,34329.73,0.0914,Failed,2026-05-21T14:52:16.530984
TXN-20260615-000661,USR-1889,South Africa,Zimbabwe,32860.01,0.0783,Pending,2026-06-12T23:25:01.530984
TXN-20260615-000662,USR-4645,South Africa,Malawi,28586.41,0.0547,Success,2026-06-06T16:43:13.530984
TXN-20260615-000663,USR-3755,South Africa,Mozambique,7241.45,0.0898,Pending,2026-05-20T03:53:49.530984
TXN-20260615-000664,USR-6812,South Africa,Namibia,14517.84,0.1104,Pending,2026-05-25T19:14:29.530984
TXN-20260615-000665,USR-2829,South Africa,Malawi,25446.89,0.0787,Success,2026-06-11T02:52:00.530984
TXN-20260615-000666,USR-9169,South Africa,Mozambique,25086.11,0.0638,Success,2026-05-30T10:22:45.530984
TXN-20260615-000667,USR-2789,South Africa,Namibia,5752.37,0.0755,Failed,2026-05-16T19:57:14.530984
TXN-20260615-000668,USR-3660,South Africa,Botswana,11545.63,0.1358,Failed,2026-05-20T02:36:56.530984
TXN-20260615-000669,USR-5285,South Africa,Zimbabwe,23785.77,0.1121,Pending,2026-06-13T03:29:02.530984
TXN-20260615-000670,USR-1457,South Africa,Mozambique,8840.14,0.1095,Failed,2026-05-22T19:12:29.530984
TXN-20260615-000671,USR-8733,South Africa,Mozambique,36081.97,0.0902,Failed,2026-06-11T01:11:20.530984
TXN-20260615-000672,USR-7744,South Africa,Zimbabwe,31851.26,0.0533,Success,2026-06-04T10:17:28.530984
TXN-20260615-000673,USR-4429,South Africa,Zimbabwe,32716.84,0.1032,Pending,2026-05-26T04:48:44.530984
TXN-20260615-000674,USR-8558,South Africa,Namibia,39740.02,0.142,Failed,2026-06-06T08:07:40.530984
TXN-20260615-000675,USR-5073,South Africa,Zimbabwe,42033.49,0.0953,Failed,2026-06-10T23:58:58.530984
TXN-20260615-000676,USR-6741,South Africa,Malawi,1603.69,0.133,Pending,2026-05-20T12:48:23.530984
TXN-20260615-000677,USR-4662,South Africa,Mozambique,44347.87,0.1084,Failed,2026-05-22T12:22:25.530984
TXN-20260615-000678,USR-4321,South Africa,Botswana,36164.17,0.0856,Pending,2026-06-14T11:01:02.530984
TXN-20260615-000679,USR-2447,South Africa,Mozambique,49580.29,0.0856,Pending,2026-06-12T03:13:51.530984
TXN-20260615-000680,USR-6959,South Africa,Malawi,8380.18,0.1113,Success,2026-05-29T19:23:46.530984
TXN-20260615-000681,USR-9671,South Africa,Botswana,21867.11,0.0856,Failed,2026-06-14T05:52:13.530984
TXN-20260615-000682,USR-6147,South Africa,Namibia,28623.08,0.0833,Success,2026-06-05T15:38:50.530984
TXN-20260615-000683,USR-2642,South Africa,Mozambique,15688.72,0.0999,Success,2026-06-14T15:57:28.530984
TXN-20260615-000684,USR-1847,South Africa,Malawi,9636.19,0.0529,Success,2026-05-17T21:15:47.530984
TXN-20260615-000685,USR-9364,South Africa,Mozambique,34276.07,0.0846,Pending,2026-06-02T16:47:00.530984
TXN-20260615-000686,USR-4982,South Africa,Malawi,6264.5,0.0671,Pending,2026-05-23T16:18:49.530984
TXN-20260615-000687,USR-6451,South Africa,Botswana,36995.96,0.1047,Pending,2026-05-17T05:50:55.530984
TXN-20260615-000688,USR-5860,South Africa,Zimbabwe,12943.69,0.1246,Failed,2026-05-24T16:41:34.530984
TXN-20260615-000689,USR-7837,South Africa,Malawi,37506.49,0.1249,Pending,2026-06-06T13:25:38.530984
TXN-20260615-000690,USR-3228,South Africa,Mozambique,47038.26,0.1468,Pending,2026-05-26T16:20:03.530984
TXN-20260615-000691,USR-8702,South Africa,Zimbabwe,42946.94,0.0854,Failed,2026-05-23T12:05:05.530984
TXN-20260615-000692,USR-5721,South Africa,Mozambique,34698.68,0.1075,Success,2026-06-13T16:46:46.530984
TXN-20260615-000693,USR-8191,South Africa,Zimbabwe,37427.69,0.0674,Pending,2026-05-29T14:03:06.530984
TXN-20260615-000694,USR-9020,South Africa,Botswana,40023.45,0.1369,Success,2026-06-09T03:01:25.530984
TXN-20260615-000695,USR-9943,South Africa,Mozambique,47565.7,0.1471,Pending,2026-06-14T13:06:46.530984
TXN-20260615-000696,USR-8574,South Africa,Namibia,20528.27,0.1248,Success,2026-05-17T14:03:31.530984
TXN-20260615-000697,USR-9135,South Africa,Namibia,18569.98,0.0576,Success,2026-05-26T16:29:45.530984
TXN-20260615-000698,USR-4550,South Africa,Zimbabwe,8513.67,0.1323,Pending,2026-06-04T03:33:08.530984
TXN-20260615-000699,USR-8878,South Africa,Mozambique,20081.5,0.0507,Pending,2026-05-21T15:25:29.530984
TXN-20260615-000700,USR-2612,South Africa,Zimbabwe,11738.9,0.11,Failed,2026-06-09T04:58:32.530984
TXN-20260615-000701,USR-5095,South Africa,Zimbabwe,537.73,0.1317,Success,2026-06-01T13:04:32.530984
TXN-20260615-000702,USR-2327,South Africa,Namibia,46223.65,0.1035,Pending,2026-05-25T00:11:06.530984
TXN-20260615-000703,USR-8127,South Africa,Mozambique,11389.46,0.0905,Pending,2026-05-31T16:26:45.530984
TXN-20260615-000704,USR-8702,South Africa,Malawi,24847.65,0.0526,Pending,2026-06-07T04:06:16.530984
TXN-20260615-000705,USR-8811,South Africa,Namibia,15410.08,0.0773,Success,2026-06-14T15:29:10.530984
TXN-20260615-000706,USR-4373,South Africa,Malawi,16901.81,0.1226,Failed,2026-05-23T19:37:48.530984
TXN-20260615-000707,USR-6757,South Africa,Botswana,18421.19,0.0692,Success,2026-05-31T07:33:39.530984
TXN-20260615-000708,USR-2690,South Africa,Zimbabwe,18749.19,0.0752,Pending,2026-05-28T02:48:39.530984
TXN-20260615-000709,USR-5196,South Africa,Botswana,27061.98,0.1007,Pending,2026-06-06T14:34:38.530984
TXN-20260615-000710,USR-9880,South Africa,Malawi,2944.42,0.1278,Pending,2026-06-01T16:02:41.530984
TXN-20260615-000711,USR-5618,South Africa,Malawi,49959.96,0.1443,Success,2026-06-09T18:56:34.530984
TXN-20260615-000712,USR-1494,South Africa,Malawi,31328.22,0.0853,Success,2026-05-18T04:27:05.530984
TXN-20260615-000713,USR-5176,South Africa,Botswana,17729.82,0.0542,Success,2026-05-26T16:03:53.530984
TXN-20260615-000714,USR-2690,South Africa,Botswana,47901.15,0.1192,Pending,2026-05-26T21:29:42.530984
TXN-20260615-000715,USR-9033,South Africa,Zimbabwe,10097.56,0.1469,Success,2026-06-07T00:09:37.530984
TXN-20260615-000716,USR-4078,South Africa,Malawi,33836.63,0.1264,Pending,2026-06-03T14:02:17.530984
TXN-20260615-000717,USR-8062,South Africa,Mozambique,10035.95,0.0519,Success,2026-05-30T21:18:52.530984
TXN-20260615-000718,USR-5923,South Africa,Malawi,42485.23,0.1478,Success,2026-06-07T20:17:44.530984
TXN-20260615-000719,USR-5068,South Africa,Botswana,36438.64,0.0802,Pending,2026-05-31T08:03:15.530984
TXN-20260615-000720,USR-3126,South Africa,Namibia,14937.52,0.1282,Failed,2026-06-03T21:41:45.530984
TXN-20260615-000721,USR-4380,South Africa,Mozambique,24090.37,0.101,Failed,2026-06-03T14:54:14.530984
TXN-20260615-000722,USR-9862,South Africa,Mozambique,5446.49,0.0651,Success,2026-05-18T07:56:01.530984
TXN-20260615-000723,USR-7198,South Africa,Mozambique,40756.23,0.0958,Failed,2026-06-14T12:32:26.530984
TXN-20260615-000724,USR-5995,South Africa,Zimbabwe,21800.3,0.1487,Success,2026-05-31T21:41:20.530984
TXN-20260615-000725,USR-6852,South Africa,Zimbabwe,37620.5,0.0515,Success,2026-05-31T18:44:14.530984
TXN-20260615-000726,USR-5541,South Africa,Namibia,2244.21,0.0634,Failed,2026-05-19T11:04:26.530984
TXN-20260615-000727,USR-6642,South Africa,Malawi,45173.84,0.1398,Failed,2026-06-01T13:42:02.530984
TXN-20260615-000728,USR-1418,South Africa,Botswana,32144.73,0.1044,Pending,2026-06-02T06:03:11.530984
TXN-20260615-000729,USR-9409,South Africa,Botswana,18902.98,0.1478,Failed,2026-06-10T18:37:57.530984
TXN-20260615-000730,USR-1672,South Africa,Mozambique,47953.86,0.0639,Pending,2026-06-11T09:53:21.530984
TXN-20260615-000731,USR-5736,South Africa,Botswana,10313.31,0.0804,Success,2026-05-18T20:35:16.530984
TXN-20260615-000732,USR-9411,South Africa,Zimbabwe,16163.46,0.0893,Pending,2026-06-06T11:40:51.530984
TXN-20260615-000733,USR-4138,South Africa,Namibia,25304.6,0.0667,Pending,2026-05-21T10:40:37.530984
TXN-20260615-000734,USR-1660,South Africa,Mozambique,10954.03,0.0622,Failed,2026-06-14T16:58:46.530984
TXN-20260615-000735,USR-8302,South Africa,Namibia,14964.29,0.1341,Failed,2026-06-08T15:36:48.530984
TXN-20260615-000736,USR-7960,South Africa,Mozambique,5733.75,0.1019,Pending,2026-06-12T03:30:51.530984
TXN-20260615-000737,USR-1811,South Africa,Malawi,5606.66,0.1135,Failed,2026-05-26T00:22:26.530984
TXN-20260615-000738,USR-7517,South Africa,Botswana,43332.1,0.1152,Failed,2026-06-02T06:43:50.530984
TXN-20260615-000739,USR-3152,South Africa,Malawi,5431.26,0.0774,Success,2026-05-23T10:21:46.530984
TXN-20260615-000740,USR-9700,South Africa,Namibia,8751.22,0.0761,Pending,2026-05-26T21:51:09.530984
TXN-20260615-000741,USR-6331,South Africa,Mozambique,23291.81,0.0685,Failed,2026-06-12T14:35:22.530984
TXN-20260615-000742,USR-9911,South Africa,Zimbabwe,46218.61,0.1235,Pending,2026-05-24T04:33:26.530984
TXN-20260615-000743,USR-3224,South Africa,Botswana,28294.78,0.1087,Success,2026-06-03T17:23:16.530984
TXN-20260615-000744,USR-7588,South Africa,Zimbabwe,7471.86,0.057,Pending,2026-06-15T06:28:34.530984
TXN-20260615-000745,USR-4170,South Africa,Botswana,39759.67,0.1034,Failed,2026-06-09T03:35:57.530984
TXN-20260615-000746,USR-9258,South Africa,Botswana,36002.95,0.0672,Failed,2026-05-31T18:10:34.530984
TXN-20260615-000747,USR-9604,South Africa,Namibia,1694.57,0.0689,Pending,2026-06-03T06:04:54.530984
TXN-20260615-000748,USR-2205,South Africa,Botswana,49474.66,0.1452,Failed,2026-05-20T11:49:11.530984
TXN-20260615-000749,USR-1309,South Africa,Malawi,19412.0,0.1167,Pending,2026-05-21T06:34:40.530984
TXN-20260615-000750,USR-8649,South Africa,Mozambique,15128.63,0.1308,Success,2026-05-17T03:45:27.530984
TXN-20260615-000751,USR-3570,South Africa,Mozambique,23349.88,0.0903,Failed,2026-06-11T01:32:24.530984
TXN-20260615-000752,USR-4518,South Africa,Mozambique,46398.94,0.073,Failed,2026-05-17T19:04:10.530984
TXN-20260615-000753,USR-8941,South Africa,Malawi,48331.43,0.1416,Success,2026-05-31T14:19:07.530984
TXN-20260615-000754,USR-4593,South Africa,Zimbabwe,8881.03,0.0872,Failed,2026-05-23T10:52:46.530984
TXN-20260615-000755,USR-1879,South Africa,Malawi,49460.81,0.0504,Pending,2026-06-09T16:23:47.530984
TXN-20260615-000756,USR-7711,South Africa,Malawi,3689.49,0.1299,Failed,2026-06-07T19:56:30.530984
TXN-20260615-000757,USR-5892,South Africa,Botswana,14770.5,0.0899,Success,2026-06-05T14:20:00.530984
TXN-20260615-000758,USR-2478,South Africa,Zimbabwe,11672.39,0.091,Failed,2026-06-04T16:07:00.530984
TXN-20260615-000759,USR-1529,South Africa,Malawi,13891.0,0.1148,Success,2026-05-20T00:54:33.530984
TXN-20260615-000760,USR-7349,South Africa,Botswana,41361.4,0.1083,Failed,2026-05-26T01:14:31.530984
TXN-20260615-000761,USR-3065,South Africa,Zimbabwe,43424.96,0.1119,Success,2026-05-18T15:18:09.530984
TXN-20260615-000762,USR-1654,South Africa,Namibia,9537.05,0.1428,Failed,2026-06-01T02:12:19.530984
TXN-20260615-000763,USR-4924,South Africa,Malawi,2405.41,0.0889,Failed,2026-05-25T06:03:57.530984
TXN-20260615-000764,USR-8086,South Africa,Mozambique,48156.43,0.149,Failed,2026-05-26T20:25:12.530984
TXN-20260615-000765,USR-4913,South Africa,Botswana,11773.77,0.0725,Pending,2026-05-28T20:49:09.530984
TXN-20260615-000766,USR-8840,South Africa,Mozambique,28897.99,0.0783,Failed,2026-06-11T04:59:41.530984
TXN-20260615-000767,USR-9612,South Africa,Botswana,4632.37,0.1087,Success,2026-06-10T23:29:00.530984
TXN-20260615-000768,USR-2106,South Africa,Namibia,4883.86,0.0598,Pending,2026-05-21T18:13:06.530984
TXN-20260615-000769,USR-5680,South Africa,Namibia,45567.72,0.1017,Success,2026-06-14T08:39:41.530984
TXN-20260615-000770,USR-6652,South Africa,Zimbabwe,37303.6,0.0833,Pending,2026-05-18T09:02:13.530984
TXN-20260615-000771,USR-1777,South Africa,Mozambique,3603.24,0.1065,Failed,2026-05-22T02:15:20.530984
TXN-20260615-000772,USR-9347,South Africa,Mozambique,16793.19,0.0828,Failed,2026-06-05T06:05:59.530984
TXN-20260615-000773,USR-6043,South Africa,Botswana,22372.73,0.0945,Success,2026-06-12T00:41:55.530984
TXN-20260615-000774,USR-5263,South Africa,Malawi,36301.68,0.0707,Failed,2026-05-28T02:59:48.530984
TXN-20260615-000775,USR-6030,South Africa,Malawi,32504.4,0.1388,Success,2026-06-07T00:56:33.530984
TXN-20260615-000776,USR-8355,South Africa,Namibia,34654.92,0.1259,Pending,2026-05-29T21:20:19.530984
TXN-20260615-000777,USR-7765,South Africa,Zimbabwe,3833.23,0.1145,Pending,2026-06-12T15:43:02.530984
TXN-20260615-000778,USR-3097,South Africa,Mozambique,1307.76,0.1176,Failed,2026-06-11T12:49:49.530984
TXN-20260615-000779,USR-6544,South Africa,Namibia,7618.8,0.0806,Pending,2026-06-13T13:43:01.530984
TXN-20260615-000780,USR-1112,South Africa,Namibia,12182.85,0.0783,Pending,2026-06-08T04:10:23.530984
TXN-20260615-000781,USR-2036,South Africa,Zimbabwe,7800.06,0.0815,Failed,2026-06-12T12:44:23.530984
TXN-20260615-000782,USR-1416,South Africa,Botswana,17957.7,0.1324,Failed,2026-06-10T02:16:58.530984
TXN-20260615-000783,USR-7239,South Africa,Malawi,48422.95,0.1013,Success,2026-05-26T13:03:47.530984
TXN-20260615-000784,USR-9182,South Africa,Namibia,17014.32,0.1094,Pending,2026-05-30T04:55:54.530984
TXN-20260615-000785,USR-4847,South Africa,Mozambique,30542.88,0.0607,Success,2026-05-20T18:20:08.530984
TXN-20260615-000786,USR-4425,South Africa,Mozambique,37325.35,0.1481,Success,2026-06-03T17:17:33.530984
TXN-20260615-000787,USR-4129,South Africa,Botswana,28760.71,0.1473,Pending,2026-05-30T08:21:00.530984
TXN-20260615-000788,USR-9537,South Africa,Namibia,42468.66,0.0792,Pending,2026-06-10T06:24:19.530984
TXN-20260615-000789,USR-5507,South Africa,Mozambique,12510.53,0.0836,Success,2026-06-14T05:18:14.530984
TXN-20260615-000790,USR-3700,South Africa,Mozambique,22532.55,0.1177,Pending,2026-05-24T00:39:47.530984
TXN-20260615-000791,USR-3815,South Africa,Botswana,21488.24,0.0766,Failed,2026-06-05T07:24:51.530984
TXN-20260615-000792,USR-7988,South Africa,Namibia,36902.99,0.0937,Pending,2026-05-24T08:05:21.530984
TXN-20260615-000793,USR-6000,South Africa,Namibia,2305.38,0.1168,Failed,2026-06-11T17:24:50.530984
TXN-20260615-000794,USR-2118,South Africa,Malawi,47791.79,0.0739,Pending,2026-05-25T17:48:45.530984
TXN-20260615-000795,USR-5940,South Africa,Mozambique,22485.86,0.0637,Success,2026-06-04T06:13:30.530984
TXN-20260615-000796,USR-7685,South Africa,Botswana,15472.66,0.1301,Failed,2026-05-25T18:53:32.530984
TXN-20260615-000797,USR-2102,South Africa,Mozambique,43938.01,0.118,Pending,2026-05-29T10:42:54.530984
TXN-20260615-000798,USR-4010,South Africa,Namibia,4675.26,0.0632,Success,2026-05-29T11:39:01.530984
TXN-20260615-000799,USR-2699,South Africa,Mozambique,32234.97,0.1034,Pending,2026-05-30T13:58:17.530984
TXN-20260615-000800,USR-6839,South Africa,Namibia,10992.55,0.1278,Pending,2026-06-08T01:46:21.530984
TXN-20260615-000801,USR-7980,South Africa,Zimbabwe,19592.05,0.1011,Success,2026-06-02T18:59:43.530984
TXN-20260615-000802,USR-1275,South Africa,Botswana,14926.27,0.0696,Failed,2026-05-27T02:07:23.530984
TXN-20260615-000803,USR-1509,South Africa,Namibia,8270.91,0.122,Success,2026-06-03T23:55:40.530984
TXN-20260615-000804,USR-4289,South Africa,Zimbabwe,7358.19,0.1075,Failed,2026-05-30T09:56:23.530984
TXN-20260615-000805,USR-1705,South Africa,Zimbabwe,39508.2,0.1201,Success,2026-05-21T19:03:30.530984
TXN-20260615-000806,USR-1233,South Africa,Botswana,33426.6,0.1051,Failed,2026-06-08T08:02:34.530984
TXN-20260615-000807,USR-1032,South Africa,Zimbabwe,40137.32,0.07,Failed,2026-06-13T01:30:09.530984
TXN-20260615-000808,USR-2996,South Africa,Mozambique,26347.57,0.1062,Failed,2026-05-18T13:51:03.530984
TXN-20260615-000809,USR-6820,South Africa,Zimbabwe,45254.22,0.0623,Failed,2026-06-15T14:14:27.530984
TXN-20260615-000810,USR-1418,South Africa,Mozambique,29109.87,0.109,Failed,2026-05-18T09:31:30.530984
TXN-20260615-000811,USR-5625,South Africa,Botswana,47244.69,0.0729,Failed,2026-05-18T04:30:13.530984
TXN-20260615-000812,USR-7143,South Africa,Malawi,12911.58,0.0963,Failed,2026-05-27T04:28:08.530984
TXN-20260615-000813,USR-7962,South Africa,Zimbabwe,10600.03,0.0575,Success,2026-06-13T21:46:45.530984
TXN-20260615-000814,USR-6137,South Africa,Botswana,22810.85,0.0727,Failed,2026-06-07T15:27:40.530984
TXN-20260615-000815,USR-3216,South Africa,Zimbabwe,33580.45,0.0743,Failed,2026-05-26T13:27:02.530984
TXN-20260615-000816,USR-5186,South Africa,Mozambique,32041.03,0.0647,Success,2026-06-07T11:00:45.530984
TXN-20260615-000817,USR-4490,South Africa,Namibia,22623.86,0.0938,Failed,2026-06-07T15:20:54.530984
TXN-20260615-000818,USR-4838,South Africa,Malawi,9046.93,0.0928,Failed,2026-05-19T20:38:08.530984
TXN-20260615-000819,USR-9839,South Africa,Malawi,45473.62,0.1162,Failed,2026-06-02T12:29:02.530984
TXN-20260615-000820,USR-7179,South Africa,Mozambique,39499.52,0.1205,Pending,2026-06-13T00:03:15.530984
TXN-20260615-000821,USR-6393,South Africa,Namibia,42934.98,0.1039,Failed,2026-05-17T21:42:16.530984
TXN-20260615-000822,USR-6442,South Africa,Malawi,24748.6,0.1166,Pending,2026-06-08T21:45:40.530984
TXN-20260615-000823,USR-1206,South Africa,Mozambique,42909.24,0.0884,Failed,2026-05-18T11:57:06.530984
TXN-20260615-000824,USR-9943,South Africa,Mozambique,15388.82,0.1486,Pending,2026-05-19T15:21:09.530984
TXN-20260615-000825,USR-2225,South Africa,Mozambique,42787.42,0.0787,Pending,2026-05-27T19:30:02.530984
TXN-20260615-000826,USR-4779,South Africa,Zimbabwe,35763.42,0.0519,Failed,2026-05-22T10:30:57.530984
TXN-20260615-000827,USR-7234,South Africa,Zimbabwe,48215.67,0.076,Success,2026-06-04T09:31:37.530984
TXN-20260615-000828,USR-4108,South Africa,Mozambique,4775.11,0.1485,Success,2026-06-08T19:24:47.530984
TXN-20260615-000829,USR-7325,South Africa,Namibia,47739.48,0.0578,Pending,2026-05-31T23:37:20.530984
TXN-20260615-000830,USR-2437,South Africa,Mozambique,35524.38,0.1454,Failed,2026-05-19T12:26:10.530984
TXN-20260615-000831,USR-2878,South Africa,Namibia,41327.85,0.0865,Failed,2026-06-09T02:28:42.530984
TXN-20260615-000832,USR-8994,South Africa,Malawi,16673.19,0.0833,Success,2026-05-31T14:35:58.530984
TXN-20260615-000833,USR-8968,South Africa,Malawi,49602.51,0.0889,Success,2026-06-04T02:41:15.530984
TXN-20260615-000834,USR-4985,South Africa,Botswana,25488.52,0.0778,Failed,2026-06-06T06:09:13.530984
TXN-20260615-000835,USR-9680,South Africa,Namibia,36741.29,0.1466,Success,2026-06-01T03:34:30.530984
TXN-20260615-000836,USR-8858,South Africa,Malawi,35475.28,0.1451,Pending,2026-05-21T05:16:48.530984
TXN-20260615-000837,USR-2090,South Africa,Zimbabwe,19908.31,0.0509,Success,2026-05-18T13:09:33.530984
TXN-20260615-000838,USR-6684,South Africa,Mozambique,8278.97,0.0853,Pending,2026-05-30T21:48:02.530984
TXN-20260615-000839,USR-6502,South Africa,Zimbabwe,17516.17,0.0978,Pending,2026-06-05T03:13:15.530984
TXN-20260615-000840,USR-8082,South Africa,Botswana,22779.36,0.0873,Failed,2026-05-22T14:10:08.530984
TXN-20260615-000841,USR-7301,South Africa,Zimbabwe,46312.36,0.1446,Pending,2026-05-19T08:10:13.530984
TXN-20260615-000842,USR-1341,South Africa,Zimbabwe,30840.04,0.139,Failed,2026-06-04T19:44:47.530984
TXN-20260615-000843,USR-3640,South Africa,Zimbabwe,14408.78,0.1424,Pending,2026-06-13T05:45:34.530984
TXN-20260615-000844,USR-9491,South Africa,Botswana,43699.35,0.0625,Failed,2026-05-26T17:14:02.530984
TXN-20260615-000845,USR-9388,South Africa,Zimbabwe,26137.98,0.0781,Success,2026-05-21T17:45:46.530984
TXN-20260615-000846,USR-2204,South Africa,Malawi,29147.04,0.0894,Failed,2026-06-15T12:15:21.530984
TXN-20260615-000847,USR-9189,South Africa,Malawi,1653.86,0.0856,Success,2026-06-06T12:23:33.530984
TXN-20260615-000848,USR-6370,South Africa,Namibia,44546.2,0.1185,Pending,2026-05-21T21:12:33.530984
TXN-20260615-000849,USR-4157,South Africa,Namibia,31919.19,0.1094,Success,2026-05-30T19:03:37.530984
TXN-20260615-000850,USR-8425,South Africa,Botswana,48732.42,0.1276,Pending,2026-06-13T11:52:05.530984
TXN-20260615-000851,USR-6601,South Africa,Namibia,22588.52,0.0551,Failed,2026-05-19T15:30:38.530984
TXN-20260615-000852,USR-5125,South Africa,Malawi,17910.82,0.1006,Success,2026-05-31T06:27:30.530984
TXN-20260615-000853,USR-6740,South Africa,Zimbabwe,21211.47,0.0703,Failed,2026-06-04T22:17:14.530984
TXN-20260615-000854,USR-2113,South Africa,Botswana,2560.76,0.063,Failed,2026-05-18T17:19:41.530984
TXN-20260615-000855,USR-6759,South Africa,Namibia,20659.66,0.0637,Failed,2026-06-04T01:22:52.530984
TXN-20260615-000856,USR-7376,South Africa,Zimbabwe,27009.45,0.14,Failed,2026-05-23T06:23:18.530984
TXN-20260615-000857,USR-3169,South Africa,Botswana,27086.04,0.1286,Success,2026-06-11T01:04:32.530984
TXN-20260615-000858,USR-1677,South Africa,Malawi,26013.35,0.1199,Pending,2026-05-26T13:33:56.530984
TXN-20260615-000859,USR-1070,South Africa,Botswana,3239.16,0.1217,Success,2026-05-24T04:28:33.530984
TXN-20260615-000860,USR-4587,South Africa,Mozambique,49676.54,0.0581,Pending,2026-05-25T12:53:11.530984
TXN-20260615-000861,USR-7400,South Africa,Malawi,40785.33,0.1043,Success,2026-05-24T22:50:16.530984
TXN-20260615-000862,USR-4524,South Africa,Botswana,25743.97,0.051,Failed,2026-06-15T09:26:19.530984
TXN-20260615-000863,USR-8215,South Africa,Botswana,37780.17,0.0789,Success,2026-05-18T00:44:04.530984
TXN-20260615-000864,USR-8348,South Africa,Malawi,34121.62,0.1252,Success,2026-05-27T23:15:58.530984
TXN-20260615-000865,USR-6396,South Africa,Namibia,25150.9,0.0959,Success,2026-06-07T05:26:54.530984
TXN-20260615-000866,USR-8262,South Africa,Botswana,22883.04,0.1068,Success,2026-05-22T15:25:40.530984
TXN-20260615-000867,USR-1726,South Africa,Zimbabwe,6048.64,0.081,Failed,2026-06-08T04:03:51.530984
TXN-20260615-000868,USR-2711,South Africa,Zimbabwe,5147.58,0.1324,Success,2026-05-23T01:47:01.530984
TXN-20260615-000869,USR-1381,South Africa,Zimbabwe,24541.57,0.1223,Success,2026-05-20T11:02:30.530984
TXN-20260615-000870,USR-3742,South Africa,Zimbabwe,49315.08,0.1482,Failed,2026-06-09T13:37:42.530984
TXN-20260615-000871,USR-5801,South Africa,Botswana,2041.55,0.0528,Success,2026-05-25T06:06:36.530984
TXN-20260615-000872,USR-7972,South Africa,Malawi,46875.31,0.1384,Success,2026-06-07T01:01:56.530984
TXN-20260615-000873,USR-7827,South Africa,Botswana,27127.09,0.1454,Pending,2026-05-27T22:56:48.530984
TXN-20260615-000874,USR-5023,South Africa,Mozambique,38933.02,0.0586,Success,2026-06-03T16:26:23.530984
TXN-20260615-000875,USR-9213,South Africa,Mozambique,29770.25,0.0765,Pending,2026-05-20T07:12:33.530984
TXN-20260615-000876,USR-8667,South Africa,Namibia,38450.4,0.1213,Failed,2026-06-13T03:04:14.530984
TXN-20260615-000877,USR-5634,South Africa,Zimbabwe,30646.56,0.0608,Pending,2026-06-06T07:46:52.530984
TXN-20260615-000878,USR-4983,South Africa,Zimbabwe,8112.76,0.1161,Pending,2026-05-22T15:48:08.530984
TXN-20260615-000879,USR-8408,South Africa,Mozambique,35534.74,0.0503,Success,2026-05-18T23:14:24.530984
TXN-20260615-000880,USR-3022,South Africa,Mozambique,1482.43,0.0733,Pending,2026-05-27T14:57:34.530984
TXN-20260615-000881,USR-4849,South Africa,Botswana,3618.4,0.1127,Success,2026-06-06T00:31:18.530984
TXN-20260615-000882,USR-7321,South Africa,Zimbabwe,22601.73,0.1183,Pending,2026-05-19T09:21:43.530984
TXN-20260615-000883,USR-3048,South Africa,Malawi,1424.08,0.1006,Failed,2026-05-27T09:52:08.530984
TXN-20260615-000884,USR-5130,South Africa,Mozambique,28364.39,0.0875,Failed,2026-05-29T17:22:37.530984
TXN-20260615-000885,USR-5897,South Africa,Zimbabwe,11862.77,0.0787,Success,2026-06-03T07:23:38.530984
TXN-20260615-000886,USR-5095,South Africa,Malawi,17561.03,0.0811,Pending,2026-06-08T11:13:01.530984
TXN-20260615-000887,USR-7193,South Africa,Botswana,2449.25,0.0722,Pending,2026-05-21T21:40:51.530984
TXN-20260615-000888,USR-5427,South Africa,Botswana,25687.79,0.07,Success,2026-06-03T18:31:31.530984
TXN-20260615-000889,USR-6258,South Africa,Malawi,40260.2,0.1461,Success,2026-05-16T22:59:57.530984
TXN-20260615-000890,USR-6343,South Africa,Mozambique,49296.58,0.0673,Failed,2026-06-01T15:34:51.530984
TXN-20260615-000891,USR-6369,South Africa,Zimbabwe,20388.91,0.053,Failed,2026-05-26T08:06:46.530984
TXN-20260615-000892,USR-1208,South Africa,Mozambique,5846.92,0.0761,Pending,2026-05-28T07:50:51.530984
TXN-20260615-000893,USR-2814,South Africa,Botswana,7137.13,0.1093,Failed,2026-06-15T17:28:29.530984
TXN-20260615-000894,USR-8438,South Africa,Botswana,32413.51,0.0627,Failed,2026-05-23T23:07:41.530984
TXN-20260615-000895,USR-8794,South Africa,Zimbabwe,22796.04,0.08,Pending,2026-05-23T00:19:47.530984
TXN-20260615-000896,USR-5439,South Africa,Malawi,40553.93,0.1452,Failed,2026-05-30T16:31:28.530984
TXN-20260615-000897,USR-9306,South Africa,Malawi,29744.91,0.1222,Pending,2026-05-21T02:36:19.530984
TXN-20260615-000898,USR-7853,South Africa,Mozambique,29358.35,0.1352,Success,2026-06-07T17:31:15.530984
TXN-20260615-000899,USR-2679,South Africa,Zimbabwe,25393.15,0.0824,Success,2026-06-15T14:59:09.530984
TXN-20260615-000900,USR-4902,South Africa,Botswana,6132.83,0.0684,Pending,2026-05-23T18:31:58.530984
TXN-20260615-000901,USR-6915,South Africa,Botswana,32912.49,0.0982,Success,2026-05-21T04:50:53.530984
TXN-20260615-000902,USR-1858,South Africa,Malawi,45817.34,0.1075,Failed,2026-05-30T22:24:37.530984
TXN-20260615-000903,USR-9779,South Africa,Namibia,44512.97,0.1094,Pending,2026-05-20T12:10:17.530984
TXN-20260615-000904,USR-2381,South Africa,Zimbabwe,22989.08,0.1346,Failed,2026-06-14T22:54:38.530984
TXN-20260615-000905,USR-2584,South Africa,Botswana,46316.65,0.1092,Pending,2026-05-16T23:32:30.530984
TXN-20260615-000906,USR-8750,South Africa,Namibia,9533.86,0.0522,Failed,2026-06-02T00:28:01.530984
TXN-20260615-000907,USR-3575,South Africa,Namibia,37528.36,0.1155,Success,2026-06-13T16:30:54.530984
TXN-20260615-000908,USR-8165,South Africa,Botswana,46490.33,0.1291,Success,2026-06-11T08:50:21.530984
TXN-20260615-000909,USR-3160,South Africa,Mozambique,4789.64,0.1484,Pending,2026-06-08T14:17:57.530984
TXN-20260615-000910,USR-4793,South Africa,Malawi,17414.37,0.1255,Success,2026-06-12T00:58:18.530984
TXN-20260615-000911,USR-3001,South Africa,Namibia,48120.0,0.0649,Success,2026-05-23T00:04:32.530984
TXN-20260615-000912,USR-5472,South Africa,Zimbabwe,20882.36,0.0737,Pending,2026-05-27T21:38:14.530984
TXN-20260615-000913,USR-4747,South Africa,Mozambique,28635.78,0.0799,Failed,2026-06-10T19:43:03.530984
TXN-20260615-000914,USR-9052,South Africa,Mozambique,18856.42,0.1207,Success,2026-05-28T18:51:19.530984
TXN-20260615-000915,USR-1026,South Africa,Mozambique,46450.52,0.0547,Pending,2026-06-04T01:56:22.530984
TXN-20260615-000916,USR-9128,South Africa,Botswana,18415.23,0.0784,Success,2026-06-09T00:49:21.530984
TXN-20260615-000917,USR-4543,South Africa,Zimbabwe,8159.67,0.0945,Failed,2026-05-22T23:41:13.530984
TXN-20260615-000918,USR-7401,South Africa,Malawi,38244.61,0.0808,Success,2026-05-27T01:04:05.530984
TXN-20260615-000919,USR-4086,South Africa,Namibia,27679.13,0.056,Success,2026-06-14T09:30:03.530984
TXN-20260615-000920,USR-3572,South Africa,Zimbabwe,19796.99,0.0988,Failed,2026-06-15T07:41:33.530984
TXN-20260615-000921,USR-9117,South Africa,Botswana,23705.68,0.084,Failed,2026-06-14T13:04:01.530984
TXN-20260615-000922,USR-8747,South Africa,Botswana,49331.28,0.1185,Failed,2026-05-30T15:35:20.530984
TXN-20260615-000923,USR-8003,South Africa,Namibia,38398.44,0.1479,Failed,2026-05-18T05:45:49.530984
TXN-20260615-000924,USR-8538,South Africa,Namibia,13657.31,0.0755,Failed,2026-05-28T12:53:07.530984
TXN-20260615-000925,USR-6266,South Africa,Botswana,37399.84,0.0552,Failed,2026-05-18T16:47:03.530984
TXN-20260615-000926,USR-7721,South Africa,Namibia,23831.63,0.077,Success,2026-05-25T04:46:47.530984
TXN-20260615-000927,USR-7193,South Africa,Namibia,28942.19,0.1332,Success,2026-05-20T06:47:16.530984
TXN-20260615-000928,USR-5961,South Africa,Malawi,18891.47,0.0784,Success,2026-05-23T23:11:46.530984
TXN-20260615-000929,USR-3859,South Africa,Malawi,17824.24,0.0865,Pending,2026-06-06T08:19:47.530984
TXN-20260615-000930,USR-3141,South Africa,Namibia,19576.92,0.146,Success,2026-05-31T14:35:39.530984
TXN-20260615-000931,USR-9396,South Africa,Malawi,44615.11,0.08,Success,2026-06-06T11:53:11.530984
TXN-20260615-000932,USR-3789,South Africa,Botswana,25841.58,0.0769,Success,2026-05-17T14:18:46.530984
TXN-20260615-000933,USR-8312,South Africa,Botswana,31818.72,0.0782,Failed,2026-06-15T04:34:49.530984
TXN-20260615-000934,USR-9303,South Africa,Malawi,3761.19,0.0646,Failed,2026-05-22T12:11:42.530984
TXN-20260615-000935,USR-6484,South Africa,Botswana,42517.33,0.0614,Failed,2026-05-21T17:20:11.530984
TXN-20260615-000936,USR-6189,South Africa,Zimbabwe,6990.34,0.1065,Pending,2026-06-07T00:26:28.530984
TXN-20260615-000937,USR-7076,South Africa,Botswana,6158.94,0.053,Success,2026-06-08T08:58:35.530984
TXN-20260615-000938,USR-1532,South Africa,Botswana,22083.3,0.0986,Failed,2026-05-29T18:12:40.530984
TXN-20260615-000939,USR-3349,South Africa,Namibia,40959.77,0.1298,Failed,2026-05-23T10:33:03.530984
TXN-20260615-000940,USR-6157,South Africa,Namibia,8763.04,0.0968,Failed,2026-06-07T17:59:37.530984
TXN-20260615-000941,USR-8885,South Africa,Namibia,47415.1,0.1365,Failed,2026-05-31T11:25:06.530984
TXN-20260615-000942,USR-6930,South Africa,Zimbabwe,45451.12,0.0663,Pending,2026-06-15T16:12:25.530984
TXN-20260615-000943,USR-2192,South Africa,Namibia,28373.17,0.0683,Failed,2026-05-17T04:55:46.530984
TXN-20260615-000944,USR-4814,South Africa,Zimbabwe,41872.95,0.0583,Pending,2026-06-03T04:26:13.530984
TXN-20260615-000945,USR-4868,South Africa,Zimbabwe,19999.81,0.0819,Failed,2026-05-29T01:20:21.530984
TXN-20260615-000946,USR-5264,South Africa,Botswana,8861.85,0.0757,Pending,2026-05-31T04:26:50.530984
TXN-20260615-000947,USR-3028,South Africa,Botswana,14922.65,0.119,Failed,2026-05-22T14:55:42.530984
TXN-20260615-000948,USR-2438,South Africa,Mozambique,25372.69,0.102,Pending,2026-05-27T16:50:04.530984
TXN-20260615-000949,USR-1676,South Africa,Zimbabwe,16301.43,0.1047,Pending,2026-05-26T23:41:39.530984
TXN-20260615-000950,USR-2554,South Africa,Mozambique,21137.44,0.0912,Pending,2026-05-24T10:22:17.530984
TXN-20260615-000951,USR-3659,South Africa,Namibia,46308.06,0.1321,Failed,2026-05-27T12:27:01.530984
TXN-20260615-000952,USR-9428,South Africa,Zimbabwe,22937.05,0.1228,Pending,2026-06-01T01:46:48.530984
TXN-20260615-000953,USR-3687,South Africa,Mozambique,28739.3,0.137,Failed,2026-06-09T07:43:37.530984
TXN-20260615-000954,USR-4544,South Africa,Mozambique,16525.9,0.11,Success,2026-06-03T06:50:06.530984
TXN-20260615-000955,USR-8461,South Africa,Zimbabwe,44962.51,0.0848,Pending,2026-06-01T15:19:43.530984
TXN-20260615-000956,USR-3881,South Africa,Malawi,9790.77,0.0618,Success,2026-05-21T09:05:21.530984
TXN-20260615-000957,USR-8952,South Africa,Namibia,23554.17,0.1159,Pending,2026-06-03T01:24:51.530984
TXN-20260615-000958,USR-1079,South Africa,Namibia,34466.65,0.097,Pending,2026-06-02T17:14:28.530984
TXN-20260615-000959,USR-1316,South Africa,Botswana,34590.47,0.1017,Success,2026-06-03T19:33:20.530984
TXN-20260615-000960,USR-6378,South Africa,Zimbabwe,42692.27,0.0943,Failed,2026-06-15T18:10:53.530984
TXN-20260615-000961,USR-1212,South Africa,Namibia,40282.01,0.1423,Pending,2026-06-03T12:33:49.530984
TXN-20260615-000962,USR-1414,South Africa,Botswana,28533.46,0.0623,Pending,2026-06-10T10:17:36.530984
TXN-20260615-000963,USR-1005,South Africa,Namibia,48758.49,0.1475,Pending,2026-06-09T17:48:12.530984
TXN-20260615-000964,USR-5329,South Africa,Botswana,9971.65,0.0944,Failed,2026-05-20T08:47:20.530984
TXN-20260615-000965,USR-7587,South Africa,Mozambique,43422.35,0.1424,Pending,2026-05-23T20:26:12.530984
TXN-20260615-000966,USR-8251,South Africa,Mozambique,12236.34,0.1197,Failed,2026-06-03T11:59:26.530984
TXN-20260615-000967,USR-7213,South Africa,Mozambique,16464.59,0.0903,Success,2026-06-10T19:17:41.530984
TXN-20260615-000968,USR-5226,South Africa,Malawi,12632.34,0.1336,Success,2026-05-17T09:40:19.530984
TXN-20260615-000969,USR-1144,South Africa,Mozambique,13555.22,0.1404,Failed,2026-05-29T01:05:14.530984
TXN-20260615-000970,USR-9693,South Africa,Mozambique,27478.32,0.1392,Failed,2026-05-28T10:25:05.530984
TXN-20260615-000971,USR-9197,South Africa,Botswana,5931.9,0.13,Success,2026-05-31T00:03:12.530984
TXN-20260615-000972,USR-2113,South Africa,Namibia,23738.38,0.1213,Success,2026-05-31T13:09:53.530984
TXN-20260615-000973,USR-1320,South Africa,Namibia,47899.22,0.0564,Failed,2026-06-14T10:10:58.530984
TXN-20260615-000974,USR-6064,South Africa,Mozambique,25963.01,0.1458,Failed,2026-06-01T13:42:32.530984
TXN-20260615-000975,USR-5736,South Africa,Malawi,12477.54,0.117,Failed,2026-06-13T00:46:17.530984
TXN-20260615-000976,USR-3937,South Africa,Namibia,3724.25,0.0954,Success,2026-06-11T14:43:01.530984
TXN-20260615-000977,USR-5311,South Africa,Zimbabwe,7292.55,0.0652,Failed,2026-05-20T21:08:35.530984
TXN-20260615-000978,USR-4542,South Africa,Namibia,32798.09,0.1099,Success,2026-05-23T01:53:47.530984
TXN-20260615-000979,USR-9914,South Africa,Namibia,35747.95,0.1222,Success,2026-06-13T06:04:18.530984
TXN-20260615-000980,USR-5288,South Africa,Malawi,38404.73,0.1333,Pending,2026-06-07T11:12:10.530984
TXN-20260615-000981,USR-6959,South Africa,Mozambique,30305.05,0.0555,Success,2026-06-10T19:09:49.530984
TXN-20260615-000982,USR-5645,South Africa,Botswana,22364.86,0.1312,Success,2026-05-26T04:57:21.530984
TXN-20260615-000983,USR-7356,South Africa,Malawi,17091.21,0.1186,Failed,2026-06-13T20:27:59.530984
TXN-20260615-000984,USR-9357,South Africa,Zimbabwe,46550.43,0.1196,Pending,2026-06-08T18:53:36.530984
TXN-20260615-000985,USR-9414,South Africa,Namibia,21356.04,0.0683,Success,2026-05-17T11:03:33.530984
TXN-20260615-000986,USR-5528,South Africa,Namibia,17599.09,0.1406,Success,2026-06-14T11:03:22.530984
TXN-20260615-000987,USR-7993,South Africa,Namibia,8950.72,0.1175,Pending,2026-06-05T09:59:29.530984
TXN-20260615-000988,USR-8135,South Africa,Namibia,34792.34,0.0541,Pending,2026-05-19T09:01:47.530984
TXN-20260615-000989,USR-3859,South Africa,Namibia,28262.76,0.1078,Failed,2026-06-03T20:16:43.530984
TXN-20260615-000990,USR-6840,South Africa,Botswana,20851.25,0.064,Success,2026-05-18T09:08:45.530984
TXN-20260615-000991,USR-1839,South Africa,Botswana,44979.62,0.0887,Success,2026-05-22T20:48:47.530984
TXN-20260615-000992,USR-1072,South Africa,Botswana,32600.16,0.1233,Failed,2026-05-21T22:12:11.530984
TXN-20260615-000993,USR-4265,South Africa,Zimbabwe,40646.7,0.1115,Success,2026-05-25T16:05:41.530984
TXN-20260615-000994,USR-2988,South Africa,Malawi,39530.48,0.0512,Failed,2026-06-15T15:53:33.530984
TXN-20260615-000995,USR-8598,South Africa,Mozambique,28847.93,0.1478,Success,2026-05-31T05:40:46.530984
TXN-20260615-000996,USR-5587,South Africa,Botswana,25503.16,0.0762,Failed,2026-05-22T15:24:53.530984
TXN-20260615-000997,USR-9531,South Africa,Namibia,47418.48,0.0877,Failed,2026-06-06T02:25:05.530984
TXN-20260615-000998,USR-3451,South Africa,Zimbabwe,33734.62,0.1322,Success,2026-06-06T01:12:09.530984
TXN-20260615-000999,USR-5304,South Africa,Malawi,5178.93,0.1348,Success,2026-06-04T17:24:53.530984
